Solvent,Inchikey,Smiles,canonical_smiles,protonation_state,n_F,n_CF3,n_CF2,fluorination_ratio,mw,dipole_moment_debye,gibbs_free_energy_Eh,enthalpy_Eh,homo_lumo_gap_alpha_Eh,homo_lumo_gap_beta_Eh,homo_lumo_gap_eV,oxidation_potential_V_vs_SHE,reduction_potential_V_vs_SHE,logKow,logKaw,is_charged_logp_table,headgroup
Water,QXQNEIFHTSUFRH-UHFFFAOYSA-N,[H]OC(=O)C([H])([H])N(C([H])([H])[H])S(=O)(=O)C(F)(F)C(F)(F)C(F)(F)F,CN(CC(=O)O)S(=O)(=O)C(F)(F)C(F)(F)C(F)(F)F,neutral,7,1,5,0.5833333333333334,321.1699999999999,7.302432427,-1685.004394461274,-1684.9393604961099,,,11.955785140741007,,,0.2988460182028482,,False,Sulphonate
Water,WZCZNEGTXVXAAS-UHFFFAOYSA-N,[H]OC(F)(F)F,OC(F)(F)F,neutral,3,1,3,1.0,86.01200000000001,2.68066793,-413.5361235298304,-413.5031218695841,,,14.53991443559126,,,0.743355248783129,-2.640984823545925,False,Carboxylate
Water,ONAFLXCOZSGMCX-UHFFFAOYSA-N,[H]OS(=O)(=O)C(F)(F)OC(F)(F)OC(F)(F)OC(F)(F)F,O=S(=O)(O)C(F)(F)OC(F)(F)OC(F)(F)OC(F)(F)F,neutral,9,1,6,1.0,348.09499999999997,4.232634807,-1901.2590739232844,-1901.1953083853127,,,13.769560090967339,,,0.3222413842603134,,False,Sulphonate
Water,FQKBJSUFBIZAKR-UHFFFAOYSA-N,[H]N([H])S(=O)(=O)C(F)(F)C(F)(F)C(F)(F)F,NS(=O)(=O)C(F)(F)C(F)(F)C(F)(F)F,neutral,7,1,5,1.0,249.10699999999994,6.064884009,-1417.8477500554516,-1417.7944150812195,,,13.170855170783112,,,0.329565398025766,-4.969306719435801,False,Sulphonate
Water,UHOVQNZJYSORNB-UHFFFAOYSA-N,[H]c1c([H])c([H])c([H])c([H])c1[H],c1ccccc1,neutral,0,0,0,0.0,78.11399999999999,5.736e-06,-232.18764232094904,-232.15554701795895,,,11.323882329336675,,,,-1.1537714851157252,False,Carboxylate
Water,FXYLSRYYWBTXOZ-UHFFFAOYSA-N,[H]OC(=O)C(F)(F)C(F)(F)C(F)(F)C([H])([H])Cl,O=C(O)C(F)(F)C(F)(F)C(F)(F)CCl,neutral,6,0,3,0.75,244.51799999999997,4.419644088,-1402.0734615675408,-1402.0193780331026,,,12.627280519133254,,,2.1216249496366686,-4.911178713394838,False,Carboxylate
Water,AFYPFACVUDMOHA-UHFFFAOYSA-N,FC(F)(F)Cl,FC(F)(F)Cl,neutral,3,1,3,1.0,104.45800000000001,0.512012583,-797.8355002485577,-797.8020627473022,,,14.026408365743219,,,2.102519875814275,1.8651697776781009,False,Carboxylate
Water,NNZZMYIWZFZLHU-UHFFFAOYSA-N,[H]OC(F)(F)C(F)(F)F,OC(F)(F)C(F)(F)F,neutral,5,1,4,1.0,136.019,2.800594948,-651.3471547770708,-651.3073442948144,,,14.57281300156266,,,1.409809746680635,-1.785814890186009,False,Carboxylate
Water,XJAAVVLEUZQVNJ-UHFFFAOYSA-N,[H]OP(=O)(O[H])C(F)(F)F,O=P(O)(O)C(F)(F)F,neutral,3,1,3,1.0,149.992,2.179556532,-906.0030367268704,-905.9603860734861,,,13.224325544756478,,,0.7396230705788274,-7.9024868332995055,False,Phosphate
Water,TXEYQDLBPFQVAA-UHFFFAOYSA-N,FC(F)(F)F,FC(F)(F)F,neutral,4,4,6,1.0,88.00300000000001,0.000557844,-437.5548129150861,-437.5234016550508,,,16.79181991576424,,,1.657873270296075,2.164781861833841,False,Carboxylate
Water,ZDGXLMJJZUXTBL-UHFFFAOYSA-N,[H]OS(=O)(=O)C(F)(OC(F)(C(F)(F)F)C(F)(F)OC(F)(F)C(F)(F)F)C(F)(F)F,O=S(=O)(O)C(F)(OC(F)(C(F)(F)F)C(F)(F)OC(F)(F)C(F)(F)F)C(F)(F)F,neutral,15,3,11,1.0,482.11699999999996,4.584774946,-2539.4507485760155,-2539.371707364908,,,13.60738022894125,,,,,False,Sulphonate
Water,PXBRQCKWGAHEHS-UHFFFAOYSA-N,FC(F)(Cl)Cl,FC(F)(Cl)Cl,neutral,2,0,1,1.0,120.91300000000001,0.594916964,-1158.1165471004135,-1158.0824185773024,,,13.131888465678855,,,2.818336358368262,1.8007248360744716,False,Carboxylate
Water,SSTPSALUCQWOOV-UHFFFAOYSA-N,[H]N(C([H])([H])C([H])([H])[H])S(=O)(=O)C(F)(F)C(F)(F)C(F)(F)C(F)(F)F,CCNS(=O)(=O)C(F)(F)C(F)(F)C(F)(F)C(F)(F)F,neutral,9,1,6,0.6428571428571429,327.16799999999995,6.737041916,-1734.23007797273,-1734.165111993579,,,12.408065591535577,,,1.6532057972737946,,False,Sulphonate
Water,BCCOBQSFUDVTJQ-UHFFFAOYSA-N,FC1(F)C(F)(F)C(F)(F)C1(F)F,FC1(F)C(F)(F)C(F)(F)C1(F)F,neutral,8,0,4,1.0,200.02799999999996,0.000173606,-951.2261230689073,-951.1802668248868,,,13.062553853524077,,,2.742771528390488,1.880401783513025,False,Carboxylate
Water,SJKDXZGLKADOQD-UHFFFAOYSA-N,[H]OC(=O)C(F)(F)OC(F)(F)OC(F)(F)OC(F)(F)F,O=C(O)C(F)(F)OC(F)(F)OC(F)(F)OC(F)(F)F,neutral,9,1,6,1.0,312.03999999999996,3.21520451,-1466.0174580701973,-1465.9563561463451,,,12.969327644245324,,,,,False,Carboxylate
Water,FEPQOROVVLZNPA-UHFFFAOYSA-N,[H]OS(=O)(=O)C(F)(C(F)(F)[C](F)F)C(F)(F)[C](F)F,O=S(=O)(O)C(F)(C(F)(F)[C](F)F)C(F)(F)[C](F)F,neutral,9,0,2,1.0,312.1089999999999,4.318662475,-1713.4908756617035,-1713.4283473807245,89.16537699999999,89.099022,,,,,,,
Water,SNGREZUHAYWORS-UHFFFAOYSA-N,[H]OC(=O)C(F)(F)C(F)(F)C(F)(F)C(F)(F)C(F)(F)C(F)(F)C(F)(F)F,O=C(O)C(F)(F)C(F)(F)C(F)(F)C(F)(F)C(F)(F)C(F)(F)C(F)(F)F,neutral,15,1,9,1.0,414.06399999999996,3.271880909,-1953.7210504440304,-1953.6479202107923,,,12.584994024906988,,,,0.6867003925880769,False,Carboxylate
Water,VOXZZGGCSYUKFW-UHFFFAOYSA-N,[H]OC([C](F)F)(C(F)(F)C(F)(F)C(F)(F)[C](F)F)S(=O)(=O)O[H],O=S(=O)(O)C(O)([C](F)F)C(F)(F)C(F)(F)C(F)(F)[C](F)F,neutral,10,0,3,1.0,360.125,6.634431826,-1927.2877038334648,-1927.218487279148,89.154827,89.085187,,,,,,,
Water,KYPWHXRHVCYESU-UHFFFAOYSA-N,[H]OC(=O)C(F)(F)C(F)(C(F)(F)F)C(F)(F)F,O=C(O)C(F)(F)C(F)(C(F)(F)F)C(F)(F)F,neutral,9,2,7,1.0,264.04299999999995,3.504903834,-1240.3016657806124,-1240.2461599120832,,,12.724261899713957,,,2.118352285551405,-1.3316939482337733,False,Carboxylate
Water,XOCOKKRWJNSWQZ-UHFFFAOYSA-N,[H]OP(=O)(O[H])C(F)(F)C(F)(F)C(F)(F)F,O=P(O)(O)C(F)(F)C(F)(F)C(F)(F)F,neutral,7,1,5,1.0,250.00599999999994,2.308709298,-1381.6230171947843,-1381.5680856099707,,,13.017192472652017,,,1.9070693142499768,-6.344498895508168,False,Phosphate
Water,IHPWVGWUNMKDHG-UHFFFAOYSA-N,[H]OS(=O)(=O)C(F)(OC(F)(F)F)C(F)(F)F,O=S(=O)(O)C(F)(OC(F)(F)F)C(F)(F)F,neutral,7,2,6,1.0,266.0899999999999,4.573202428,-1512.969998238434,-1512.9153278487972,,,13.678157044567065,,,-0.087729293082239,-3.668534068852727,False,Sulphonate
Water,UKACHOXRXFQJFN-UHFFFAOYSA-N,[H]C(F)(F)C(F)(F)C(F)(F)F,FC(F)C(F)(F)C(F)(F)F,neutral,7,1,5,0.875,170.027,2.311293995,-813.908214086275,-813.8641347427252,,,14.305624400013304,,,2.4940036383354016,0.7992599543167267,False,Carboxylate
Water,PLXBWBKXCKSJRL-UHFFFAOYSA-N,[H]C(=O)C([H])([H])C(F)(F)C(F)(F)C(F)(F)C(F)(F)F,O=CCC(F)(F)C(F)(F)C(F)(F)C(F)(F)F,neutral,9,1,6,0.75,262.07099999999997,5.58454361,-1204.3404919235045,-1204.2834308401227,,,11.80995932184876,,,2.7497081181390453,-1.3776323169260678,False,Carboxylate
Water,GETTZEONDQJALK-UHFFFAOYSA-N,[H]c1c([H])c([H])c(C(F)(F)F)c([H])c1[H],FC(F)(F)c1ccccc1,neutral,3,1,3,0.375,146.11100000000002,3.72430269,-569.2850303843016,-569.2436305619688,,,11.02997214649376,,,2.99965505660864,-0.3619636521320653,False,Carboxylate
Water,GIPRQSBAVJUXLY-UHFFFAOYSA-N,[H]OC(=O)C(F)(F)OC(F)(F)C(F)(F)C([H])([H])Cl,O=C(O)C(F)(F)OC(F)(F)C(F)(F)CCl,neutral,6,0,3,0.75,260.51699999999994,2.729842756,-1477.3151271019988,-1477.2591026536456,,,12.735663470551025,,,2.0128722870351554,-4.97613854643177,False,Carboxylate
Water,GKNWQHIXXANPTN-UHFFFAOYSA-N,[H]OS(=O)(=O)C(F)(F)C(F)(F)F,O=S(=O)(O)C(F)(F)C(F)(F)F,neutral,5,1,4,1.0,200.08399999999995,4.257935134,-1199.9185259758833,-1199.8716630626543,,,13.695871657013205,,,-0.2854353601865438,-4.3673164000934825,False,Sulphonate
Water,YFMFNYKEUDLDTL-UHFFFAOYSA-N,[H]C(F)(C(F)(F)F)C(F)(F)F,FC(C(F)(F)F)C(F)(F)F,neutral,7,2,6,0.875,170.027,2.24510289,-813.9202353312352,-813.8764662166221,,,14.897036668683604,,,2.538240671927705,0.4060900298581419,False,Carboxylate
Water,ZEINVQKYLOHKIW-UHFFFAOYSA-N,F[C](F)C(F)(F)C(F)(F)C(F)(F)C(F)(F)[C](F)C(F)(F)F,F[C](F)C(F)(F)C(F)(F)C(F)(F)C(F)(F)[C](F)C(F)(F)F,neutral,14,1,7,1.0,350.0489999999999,1.015160218,-1664.5654198084749,-1664.497662769068,24.896926,24.799204,,,,,,,
Water,AFDRCEOKCOUICI-UHFFFAOYSA-N,[H]OC(=O)C(F)(F)C([H])(F)OC(F)(F)C(F)(F)C(F)(F)OC(F)(F)F,O=C(O)C(F)(F)C(F)OC(F)(F)C(F)(F)C(F)(F)OC(F)(F)F,neutral,12,1,7,0.9230769230769231,378.065,4.971689846,-1767.140636481324,-1767.0708029817995,,,12.742058146318831,,,,,False,Carboxylate
Water,WSJULBMCKQTTIG-UHFFFAOYSA-N,FC(=C(F)C(F)(F)F)C(F)(F)F,FC(=C(F)C(F)(F)F)C(F)(F)F,neutral,8,2,6,1.0,200.02799999999996,9.2214e-05,-951.236890716783,-951.1890921614192,,,12.057773416390972,,,2.948957902035157,2.536987401368743,False,Carboxylate
Water,DUAKCVSNUIDZMC-UHFFFAOYSA-N,[H]C([H])([H])C(F)(F)C(F)(F)C(F)(F)F,CC(F)(F)C(F)(F)C(F)(F)F,neutral,7,1,5,0.7,184.05399999999997,3.135374858,-853.2106953068355,-853.1641530389124,,,14.03514322072818,,,3.024361718456515,1.3005966828246975,False,Carboxylate
Water,YPJUNDFVDDCYIH-UHFFFAOYSA-N,[H]OC(=O)C(F)(F)C(F)(F)C(F)(F)F,O=C(O)C(F)(F)C(F)(F)C(F)(F)F,neutral,7,1,5,1.0,214.03599999999997,3.284354184,-1002.4876399560258,-1002.4376766452292,,,12.756697872119174,,,1.605143183212635,-1.92543234799704,False,Carboxylate
Water,BKKNDZBSSSAGIB-UHFFFAOYSA-N,[H]N(C([H])([H])[H])S(=O)(=O)C(F)(F)C(F)(F)C(F)(F)C(F)(F)C(F)(F)F,CNS(=O)(=O)C(F)(F)C(F)(F)C(F)(F)C(F)(F)C(F)(F)F,neutral,11,1,7,0.7857142857142857,363.1479999999999,6.411594676,-1932.7442764847544,-1932.6761981002724,,,12.484257473024341,,,1.886802954274587,,False,Sulphonate
Water,CRXCJCHFWGLUBT-UHFFFAOYSA-N,[H]OS(=O)(=O)C(F)(F)OC(F)(F)C(F)(F)F,O=S(=O)(O)C(F)(F)OC(F)(F)C(F)(F)F,neutral,7,1,5,1.0,266.0899999999999,4.238596495,-1512.9705573301303,-1512.91547729898,,,13.771845847412001,,,0.0638536335578408,-5.342633495964476,False,Sulphonate
Water,SJCUDPIQQGYMBN-UHFFFAOYSA-N,[H]OC(=O)C(F)(F)OC(F)(F)OC(F)(F)C(F)(F)C(F)(F)F,O=C(O)C(F)(F)OC(F)(F)OC(F)(F)C(F)(F)C(F)(F)F,neutral,11,1,7,1.0,346.04799999999994,3.421127062,-1628.5870844688638,-1628.5219085917051,,,12.945299990190117,,,3.5031299645967646,,False,Carboxylate
Water,GCVRYQSRTHJORT-UHFFFAOYSA-N,[H]OS(=O)(=O)C(F)(F)OC(F)(F)C(F)(F)C(F)(F)F,O=S(=O)(O)C(F)(F)OC(F)(F)C(F)(F)C(F)(F)F,neutral,9,1,6,1.0,316.0969999999999,4.475278432,-1750.7769018854283,-1750.716328440922,,,13.686429305985847,,,1.544481509097407,,False,Sulphonate
Water,KXJBWHWYJPNGSY-UHFFFAOYSA-N,[H]N(C([H])([H])C([H])([H])[H])S(=O)(=O)C(F)(F)C(F)(F)F,CCNS(=O)(=O)C(F)(F)C(F)(F)F,neutral,5,1,4,0.5,227.15399999999994,6.695664663,-1258.6128306882586,-1258.5595220309087,,,12.427304041611489,,,0.9160549851121031,-4.330335542171771,False,Sulphonate
Water,AAEJJSZYNKXKSW-UHFFFAOYSA-N,[H]OC(=O)C([H])([H])C([H])([H])C(F)(F)C(F)(F)C(F)(F)C(F)(F)C(F)(F)C(F)(F)F,O=C(O)CCC(F)(F)C(F)(F)C(F)(F)C(F)(F)C(F)(F)C(F)(F)F,neutral,13,1,8,0.7647058823529411,392.111,4.564747839,-1794.5197866995397,-1794.4474700446017,,,12.35859529134037,,,,,False,Carboxylate
Water,ITMCEJHCFYSIIV-UHFFFAOYSA-N,[H]OS(=O)(=O)C(F)(F)F,O=S(=O)(O)C(F)(F)F,neutral,3,1,3,1.0,150.07699999999997,4.386016554,-962.1082630416464,-962.0678134782116,,,13.89171200382558,,,-1.037662306540403,-5.022612248837732,False,Sulphonate
Water,KXSUVOSIUJMGTK-UHFFFAOYSA-N,[H]OC(=O)C(F)(F)C([H])(F)C(F)(F)C(F)(F)C(F)(F)C(F)(F)F,O=C(O)C(F)(F)C(F)C(F)(F)C(F)(F)C(F)(F)C(F)(F)F,neutral,12,1,7,0.9230769230769231,346.06699999999995,5.085762915,-1616.6582332051162,-1616.5923312595248,,,12.723363923967838,,,3.383675431051815,,False,Carboxylate
Water,QYSGYZVSCZSLHT-UHFFFAOYSA-N,FC(F)(F)C(F)(F)C(F)(F)F,FC(F)(F)C(F)(F)C(F)(F)F,neutral,8,2,7,1.0,188.017,0.222311408,-913.1744131648297,-913.128971340616,,,14.862178882902494,,,2.8126200861353,3.352700377325724,False,Carboxylate
Water,YXFVVABEGXRONW-UHFFFAOYSA-N,[H]c1c([H])c([H])c(C([H])([H])[H])c([H])c1[H],Cc1ccccc1,neutral,0,0,0,0.0,92.14099999999998,0.590412334,-271.4833093687887,-271.4464755870268,,,10.943086190210321,,,,-0.6885371413917457,False,Carboxylate
Water,PGDNKYZOVGBFMB-UHFFFAOYSA-N,F[C](F)C(F)=C(F)C(F)(F)[C](F)F,F[C](F)C(F)=C(F)C(F)(F)[C](F)F,neutral,8,0,1,1.0,212.03899999999996,1.570770663,-989.2045315531888,-989.1514946507789,24.887545999999997,24.808127,,,,,,,
Water,TXGIGTRUEITPSC-UHFFFAOYSA-N,[H]OS(=O)(=O)C([H])([H])C([H])([H])C(F)(F)C(F)(F)C(F)(F)C(F)(F)F,O=S(=O)(O)CCC(F)(F)C(F)(F)C(F)(F)C(F)(F)F,neutral,9,1,6,0.6923076923076923,328.15199999999993,4.522845701,-1754.1583335625826,-1754.0943389572658,,,13.319701453548666,,,1.090549269959972,-7.207544466323681,False,Sulphonate
Water,ZJIJAJXFLBMLCK-UHFFFAOYSA-N,FC(F)(F)C(F)(F)C(F)(F)C(F)(F)C(F)(F)C(F)(F)F,FC(F)(F)C(F)(F)C(F)(F)C(F)(F)C(F)(F)C(F)(F)F,neutral,14,2,10,1.0,338.03799999999995,0.319192819,-1626.5983417456307,-1626.5352907738447,,,14.207200815961565,,,4.425477629166446,,False,Carboxylate
Water,KVQPTMRJUGXQHT-UHFFFAOYSA-N,[H]OS(=O)(=O)C(F)(F)C(F)(F)OC(F)(F)F,O=S(=O)(O)C(F)(F)C(F)(F)OC(F)(F)F,neutral,7,1,5,1.0,266.0899999999999,4.451470515,-1512.9699217820823,-1512.915228287019,,,13.681721736165288,,,0.1211855118179688,-3.5086474042128803,False,Sulphonate
Water,AUBOIAPNLUHLAF-UHFFFAOYSA-N,[H]OP(=O)(O[H])C(F)(F)C(F)(F)C(F)(F)C(F)(F)F,O=P(O)(O)C(F)(F)C(F)(F)C(F)(F)C(F)(F)F,neutral,9,1,6,1.0,300.0129999999999,2.238073105,-1619.4309937519977,-1619.3702730792088,,,12.985899378469131,,,2.640760398265232,,False,Phosphate
Water,MAYCVDQHBUQQFH-UHFFFAOYSA-N,[H]OC(=O)C(F)(OC(F)(F)C(F)(F)F)C(F)(F)F,O=C(O)C(F)(OC(F)(F)C(F)(F)F)C(F)(F)F,neutral,9,2,7,1.0,280.042,3.169488872,-1315.5442591244123,-1315.4862289205932,,,12.84597843039226,,,2.4829351820639984,-1.015359033055923,False,Carboxylate
Water,SKMMLBBBOOHUAV-UHFFFAOYSA-N,F[C]=C(F)C(F)(F)C(F)(F)[C](F)F,F[C]=C(F)C(F)(F)C(F)(F)[C](F)F,neutral,8,0,2,1.0,212.03899999999996,1.339162131,-989.1663594490595,-989.114092187705,24.90119,24.793296,,,,,,,
Water,NJCBUSHGCBERSK-UHFFFAOYSA-N,FC(F)(F)C(F)(F)C(F)(F)C(F)(F)C(F)(F)F,FC(F)(F)C(F)(F)C(F)(F)C(F)(F)C(F)(F)F,neutral,12,2,9,1.0,288.03099999999995,0.122482743,-1388.7908921754463,-1388.7335770994803,,,14.241296682927787,,,3.9284209067657834,3.688723357948056,False,Carboxylate
Water,HVJCLAKQHMMQJA-UHFFFAOYSA-N,[H]C(=O)C([H])([H])C(F)(F)C(F)(F)C(F)(F)C(F)(F)C(F)(F)F,O=CCC(F)(F)C(F)(F)C(F)(F)C(F)(F)C(F)(F)F,neutral,11,1,7,0.7857142857142857,312.0779999999999,5.627058869,-1442.1487045655317,-1442.0859126648684,,,11.807428662927883,,,2.9923583315626634,,False,Carboxylate
Water,JGTINUCQNREWAY-UHFFFAOYSA-N,F[C]=C(F)C(F)(F)C(F)(F)C(F)(F)[C](F)F,F[C]=C(F)C(F)(F)C(F)(F)C(F)(F)[C](F)F,neutral,10,0,3,1.0,262.04599999999994,2.463989435,-1226.97445753749,-1226.916463158445,24.901937,24.793593,,,,,,,
Water,BRPIPWKSQOYFMA-UHFFFAOYSA-N,[H]OC1(S(=O)(=O)O[H])C(F)(F)C(F)(F)C(F)(F)C(F)(F)C1(F)F,O=S(=O)(O)C1(O)C(F)(F)C(F)(F)C(F)(F)C(F)(F)C1(F)F,neutral,10,0,5,1.0,360.12499999999994,5.410399364,-1927.4213280815843,-1927.357434556188,,,12.803066074282336,,,0.5045306215794804,,False,Sulphonate
Water,ZILWJLIFAGWGLE-UHFFFAOYSA-N,O=C(F)C(F)(F)C(F)(F)C(F)(F)C(F)(F)C(F)(F)C(F)(F)C(F)(F)F,O=C(F)C(F)(F)C(F)(F)C(F)(F)C(F)(F)C(F)(F)C(F)(F)C(F)(F)F,neutral,16,1,9,1.0,416.05499999999995,1.012570488,-1977.7303745576492,-1977.6573196470367,,,12.765623206807858,,,,,False,Carboxylate
Water,ZSHOCLWXIZQXOS-UHFFFAOYSA-N,[H]OC(=O)C(F)(F)OC(F)(F)C(F)(F)C(F)(F)C(F)(F)C([H])([H])Cl,O=C(O)C(F)(F)OC(F)(F)C(F)(F)C(F)(F)C(F)(F)CCl,neutral,10,0,5,0.8333333333333334,360.53100000000006,4.172337494,-1952.9312791587688,-1952.8638451974095,,,12.72605785120619,,,3.4588406685977904,,False,Carboxylate
Water,XFSPFPFUBRZQFO-UHFFFAOYSA-N,[H]OP(=O)(O[H])OC(F)(F)F,O=P(O)(O)OC(F)(F)F,neutral,3,1,3,1.0,165.99099999999999,3.919203604,-981.2761489092208,-981.2319010450882,,,13.269578080083557,,,1.3826102590746827,-7.245683747128149,False,Phosphate
Water,OWNHYDYPDXFYLS-UHFFFAOYSA-N,[H]OC(=O)C(F)(C(F)(F)F)C(F)(F)C(F)(F)C(F)(F)F,O=C(O)C(F)(C(F)(F)F)C(F)(F)C(F)(F)C(F)(F)F,neutral,11,2,8,1.0,314.04999999999995,3.008630857,-1478.1146049848635,-1478.0530511584238,,,13.00924674786819,,,2.72487528010429,,False,Carboxylate
Water,YYXWJNBPHDUWJP-UHFFFAOYSA-N,O=C(F)C(F)(F)C(F)(F)C(F)(F)F,O=C(F)C(F)(F)C(F)(F)C(F)(F)F,neutral,8,1,5,1.0,216.02699999999996,0.89999068,-1026.4976822185529,-1026.4478625249487,,,12.992212420078198,4.924409165762735,-1.371854085251471,2.468630786069464,2.69097022722399,False,Carboxylate
Water,BBLFCNLVILKUEU-UHFFFAOYSA-N,[H]OP(=O)(O[H])OC([H])([H])C([H])([H])C(F)(F)C(F)(F)C(F)(F)C(F)(F)F,O=P(O)(O)OCCC(F)(F)C(F)(F)C(F)(F)C(F)(F)F,neutral,9,1,6,0.6923076923076923,344.0659999999999,6.057766125,-1773.2906076109887,-1773.2235182855804,,,12.779501013793311,,,2.900284292821318,,False,Phosphate
Water,HWFPEKMIHWSKHB-UHFFFAOYSA-N,[H]OC(=O)C([H])(F)C(F)(F)C(F)(F)C(F)(F)C(F)(F)C(F)(F)F,O=C(O)C(F)C(F)(F)C(F)(F)C(F)(F)C(F)(F)C(F)(F)F,neutral,12,1,7,0.9230769230769231,346.06699999999995,4.332317628,-1616.6573213302045,-1616.5916885611875,,,13.005192251317537,,,3.10729049672882,,False,Carboxylate
Water,KAVGMUDTWQVPDF-UHFFFAOYSA-N,FC(F)(F)C(F)(F)C(F)(F)C(F)(F)F,FC(F)(F)C(F)(F)C(F)(F)C(F)(F)F,neutral,10,2,8,1.0,238.02399999999997,0.000168966,-1150.9826834626108,-1150.9312164953003,,,14.488512126972589,,,3.384421316164729,3.927873077032877,False,Carboxylate
Water,BTZNPZMHENLISZ-UHFFFAOYSA-N,[H]OS(=O)(=O)C([H])([H])F,O=S(=O)(O)CF,neutral,1,0,0,0.3333333333333333,114.097,5.840955439,-763.586370553695,-763.549024643754,,,13.493391731956807,,,-1.6226414635997264,-9.586602939833003,False,Sulphonate
Water,COQIQRBKEGPRSG-UHFFFAOYSA-N,FC(F)(F)C(F)(C(F)(F)F)C(F)(F)F,FC(F)(F)C(F)(C(F)(F)F)C(F)(F)F,neutral,10,3,9,1.0,238.02399999999994,0.128699068,-1150.9897224126069,-1150.9387004387916,,,15.251573820082584,,,3.308287123292034,4.13142590118663,False,Carboxylate
Water,CQSSHKTURFXNGF-UHFFFAOYSA-N,FC(F)(F)OC(F)(F)C(F)(F)C(F)(F)F,FC(F)(F)OC(F)(F)C(F)(F)C(F)(F)F,neutral,10,2,8,1.0,254.02299999999994,0.393522855,-1226.22574384535,-1226.172309124652,,,14.76136069686111,,,3.263900896877271,3.9868974295479855,False,Carboxylate
Water,JSHVKCHHCCUMHA-UHFFFAOYSA-N,[H]OC(=O)C(F)(C(F)(F)F)C(F)(F)C(F)(F)F,O=C(O)C(F)(C(F)(F)F)C(F)(F)C(F)(F)F,neutral,9,2,7,1.0,264.04299999999995,3.225078879,-1240.30651110057,-1240.2507925156376,,,12.990824639379655,,,2.164903284385641,-1.2691558379529688,False,Carboxylate
Water,RZYUXMOITDSUMA-UHFFFAOYSA-N,[H]OS(=O)(=O)C(F)(F)C(F)(F)OC(F)(F)C(F)(F)OC(F)(F)C(F)(F)OC(F)(F)F,O=S(=O)(O)C(F)(F)C(F)(F)OC(F)(F)C(F)(F)OC(F)(F)C(F)(F)OC(F)(F)F,neutral,15,1,9,1.0,498.116,4.324090004,-2614.6880265197847,-2614.6070971388576,,,13.596822211077807,,,,,False,Sulphonate
Water,NLOLSXYRJFEOTA-UHFFFAOYSA-N,[H]C(=C([H])C(F)(F)F)C(F)(F)F,FC(F)(F)C=CC(F)(F)F,neutral,6,2,6,0.75,164.048,4.9293e-05,-752.7529481121337,-752.7082570546413,,,12.507904167672107,,,2.737932668136396,0.3142812513940786,False,Carboxylate
Water,WQNQKEGKYUOPFZ-UHFFFAOYSA-N,[H]OC(=O)C(F)(F)OC(F)(F)OC(F)(F)C(F)(F)F,O=C(O)C(F)(F)OC(F)(F)OC(F)(F)C(F)(F)F,neutral,9,1,6,1.0,296.04099999999994,3.106940868,-1390.7789357558418,-1390.719360550248,,,12.926333653976663,,,1.6274378196226993,,False,Carboxylate
Water,QWHCZVLZUPZGSI-UHFFFAOYSA-N,[H]OC(=O)C([H])([H])C([H])([H])C(F)(F)C(F)(F)C(F)(F)C(F)(F)F,O=C(O)CCC(F)(F)C(F)(F)C(F)(F)C(F)(F)F,neutral,9,1,6,0.6923076923076923,292.097,3.461201829,-1318.9057807909055,-1318.8440754179692,,,12.476393382399252,,,2.792563467384124,-2.954740000989485,False,Carboxylate
Water,JCMNMOBHVPONLD-UHFFFAOYSA-N,[H]OC([H])([H])C([H])([H])C(F)(F)C(F)(F)C(F)(F)C(F)(F)F,OCCC(F)(F)C(F)(F)C(F)(F)C(F)(F)F,neutral,9,1,6,0.6923076923076923,264.087,5.15035846,-1205.5348495633075,-1205.476877048567,,,12.271464432580716,,,2.8351499716306434,-1.631885008610353,False,Carboxylate
Water,KTCODRNGNIXYDE-UHFFFAOYSA-N,[H]N([H])S(=O)(=O)C(F)(F)C(F)(F)C(F)(F)C(F)(F)C(F)(F)F,NS(=O)(=O)C(F)(F)C(F)(F)C(F)(F)C(F)(F)C(F)(F)F,neutral,11,1,7,1.0,349.1209999999999,5.832935467,-1893.4637172605487,-1893.3990155080105,,,13.09109859769612,,,1.328955790433806,,False,Sulphonate
Water,WLQOCYJEZSJOFE-UHFFFAOYSA-N,F[C](F)C(F)(F)C(F)(F)C(F)(F)C(F)([C](F)F)C(F)(F)F,F[C](F)C(F)(F)C(F)(F)C(F)(F)C(F)([C](F)F)C(F)(F)F,neutral,14,1,6,1.0,350.0489999999999,0.792996026,-1664.556234652593,-1664.4889814199823,24.891571,24.809575,,,,,,,
Water,DSQVPQUIYZIKPN-UHFFFAOYSA-N,F[C]=C(F)C(F)(F)[C](F)F,F[C]=C(F)C(F)(F)[C](F)F,neutral,6,0,1,1.0,162.03199999999998,1.355848715,-751.3554922302006,-751.3093405696787,24.900127,24.792181000000003,,,,,,,
Water,CAUJPRRJLCIWKU-UHFFFAOYSA-N,[H]OS(=O)(=O)C(F)(F)C(F)(C(F)(F)F)C(F)(F)C(F)(F)F,O=S(=O)(O)C(F)(F)C(F)(C(F)(F)F)C(F)(F)C(F)(F)F,neutral,11,2,8,1.0,350.1049999999999,4.261108238,-1913.345600185492,-1913.2817023720772,,,13.616387197788672,,,1.3135893103918643,,False,Sulphonate
Water,WRDBFXLGIKNQFY-UHFFFAOYSA-N,[H]OC(=O)C(F)(F)C(F)(F)C(F)(C(F)(F)F)C(F)(F)F,O=C(O)C(F)(F)C(F)(F)C(F)(C(F)(F)F)C(F)(F)F,neutral,11,2,8,1.0,314.04999999999995,3.226300479,-1478.1088531101004,-1478.047491967612,,,12.640233138986344,,,2.601094079472984,,False,Carboxylate
Water,CSLNZPZDUCXUAS-UHFFFAOYSA-N,[H]OC(=O)C(F)(OC(F)(C(F)(F)F)C(F)(F)OC(F)(F)C(F)(F)F)C(F)(F)F,O=C(O)C(F)(OC(F)(C(F)(F)F)C(F)(F)OC(F)(F)C(F)(F)F)C(F)(F)F,neutral,15,3,11,1.0,446.06199999999995,3.485796463,-2104.214370580023,-2104.137696225272,,,12.861298440848753,,,,,False,Carboxylate
Water,XIIFQUNTUAQHKS-UHFFFAOYSA-N,[H]OC(=O)C([H])([H])N(C([H])([H])C([H])([H])[H])S(=O)(=O)C(F)(F)C(F)(F)C(F)(F)F,CCN(CC(=O)O)S(=O)(=O)C(F)(F)C(F)(F)C(F)(F)F,neutral,7,1,5,0.5,335.19699999999995,7.446683019,-1724.2972260498289,-1724.229851548728,,,11.969771793271448,,,0.7518739424370807,,False,Sulphonate
Water,XNPBSAGJBTUTKD-UHFFFAOYSA-N,[H]OC(=O)C(F)(F)C(F)(F)C(F)(F)C(F)(F)C(F)(F)C([H])([H])Cl,O=C(O)C(F)(F)C(F)(F)C(F)(F)C(F)(F)C(F)(F)CCl,neutral,10,0,5,0.8333333333333334,344.53200000000004,5.045746011,-1877.6890746241731,-1877.623594925164,,,12.62012392455056,,,3.125313892355821,,False,Carboxylate
Water,KOWUGQHZFIJVCW-UHFFFAOYSA-N,[H]OP(=O)(OC(F)(F)C(F)(F)F)OC(F)(F)C(F)(F)F,O=P(O)(OC(F)(F)C(F)(F)F)OC(F)(F)C(F)(F)F,neutral,10,2,8,1.0,334.00199999999995,3.895006216,-1793.9665528041023,-1793.9031054847228,,,13.709368504591213,,,3.7976399673306767,,False,Phosphate
Water,YLXKUKZPBUXBRV-UHFFFAOYSA-N,[H]N(C([H])([H])C([H])([H])[H])S(=O)(=O)C(F)(F)C(F)(F)C(F)(F)F,CCNS(=O)(=O)C(F)(F)C(F)(F)C(F)(F)F,neutral,7,1,5,0.5833333333333334,277.16099999999994,6.807237207,-1496.4216639684284,-1496.3624830539168,,,12.429018358944987,,,1.3414426773210797,-3.840684231972621,False,Sulphonate
Water,NIXHKEAALRVPLN-UHFFFAOYSA-N,[H]C(F)(C([H])(F)C(F)(F)C(F)(F)F)C(F)(F)C(F)(F)F,FC(C(F)C(F)(F)C(F)(F)F)C(F)(F)C(F)(F)F,neutral,12,2,8,0.8571428571428571,302.05799999999994,3.831976894,-1428.0910670750563,-1428.0308349604575,,,13.980611602691221,,,3.754952451260023,,False,Carboxylate
Water,LGUZHRODIJCVOC-UHFFFAOYSA-N,FC(F)(F)C(F)(F)C(F)(F)C(F)(F)C(F)(F)C(F)(F)C(F)(F)F,FC(F)(F)C(F)(F)C(F)(F)C(F)(F)C(F)(F)C(F)(F)C(F)(F)F,neutral,16,2,11,1.0,388.04499999999996,0.22139783,-1864.406595184288,-1864.33794800778,,,14.062762777767858,,,,,False,Carboxylate
Water,RJGUAQKOHAABLK-UHFFFAOYSA-N,[H]OS(=O)(=O)C(F)(F)C(F)(F)OC(F)(F)C(F)(F)F,O=S(=O)(O)C(F)(F)C(F)(F)OC(F)(F)C(F)(F)F,neutral,9,1,6,1.0,316.0969999999999,4.160677252,-1750.7806255960315,-1750.7200432142747,,,13.618972279482042,,,0.7435208512052247,,False,Sulphonate
Water,GRJRKPMIRMSBNK-UHFFFAOYSA-N,[H]OC([H])([H])C([H])([H])C(F)(F)C(F)(F)C(F)(F)C(F)(F)C(F)(F)C(F)(F)F,OCCC(F)(F)C(F)(F)C(F)(F)C(F)(F)C(F)(F)C(F)(F)F,neutral,13,1,8,0.7647058823529411,364.10099999999994,2.559962874,-1681.1515896606477,-1681.0818832174616,,,12.337805792248435,,,,-0.1965521483367296,False,Carboxylate
Water,XLIFBQWTSCGUEB-UHFFFAOYSA-N,O=C(F)C(F)(F)C(F)(F)C(F)(F)C(F)(F)C(F)(F)C(F)(F)F,O=C(F)C(F)(F)C(F)(F)C(F)(F)C(F)(F)C(F)(F)C(F)(F)F,neutral,14,1,8,1.0,366.04799999999994,1.193732787,-1739.9223245681408,-1739.854999631384,,,12.834957818962636,,,,,False,Carboxylate
Water,AGIMOOYNBDLMJV-UHFFFAOYSA-N,[H]OC(=O)C(F)(F)C(F)(F)OC(F)(F)F,O=C(O)C(F)(F)C(F)(F)OC(F)(F)F,neutral,7,1,5,1.0,230.03499999999997,3.312993731,-1077.730493810828,-1077.6785176763537,,,12.787392315804649,,,1.329491417245127,-2.0056032110420534,False,Carboxylate
Water,UVLNQGHDUGHTGV-UHFFFAOYSA-N,[H]OC(=O)C([H])([H])C(F)(F)C(F)(F)F,O=C(O)CC(F)(F)C(F)(F)F,neutral,5,1,4,0.7142857142857143,178.05599999999998,4.29559515,-803.9896931022669,-803.9432411802394,,,12.696860033764246,,,1.2542661296575168,-4.246358013181128,False,Carboxylate
Water,ADQRHLTXZPZLHA-UHFFFAOYSA-N,[H]N(C([H])([H])C([H])([H])[H])S(=O)(=O)C(F)(F)F,CCNS(=O)(=O)C(F)(F)F,neutral,3,1,3,0.375,177.14699999999996,6.776604751,-1020.802593091208,-1020.755236740637,,,12.4496173783332,,,0.1533833897608633,-5.231774308063351,False,Sulphonate
Water,PCZBVJHXWDEHIZ-UHFFFAOYSA-N,[H]OC(=O)C(F)(F)C(F)(F)OC(F)(F)C(F)(F)F,O=C(O)C(F)(F)C(F)(F)OC(F)(F)C(F)(F)F,neutral,9,1,6,1.0,280.042,3.260957565,-1315.5376339528043,-1315.47972790256,,,12.810902953521182,,,3.4374580482500594,,False,Carboxylate
Water,SKRWRXWNQFQGRU-UHFFFAOYSA-N,[H]C([H])([H])C([H])([H])C(F)(F)C(F)(F)C(F)(F)C(F)(F)C(F)(F)C(F)(F)F,CCC(F)(F)C(F)(F)C(F)(F)C(F)(F)C(F)(F)C(F)(F)F,neutral,13,1,8,0.7222222222222222,348.1019999999999,3.530616515,-1605.9250703138996,-1605.8577640016197,,,13.69176273769006,,,4.696911422731865,,False,Carboxylate
Water,LGPPATCNSOSOQH-UHFFFAOYSA-N,F[C](F)C(F)=C(F)[C](F)F,F[C](F)C(F)=C(F)[C](F)F,neutral,6,0,0,1.0,162.03199999999998,0.001023609,-751.3867189592831,-751.3404234617309,24.870492,24.773464,,,,,,,
Water,LRWIIEJPCFNNCZ-UHFFFAOYSA-N,[H]OC(=O)C([H])([H])C(F)(F)C(F)(F)C(F)(F)C(F)(F)C(F)(F)C(F)(F)F,O=C(O)CC(F)(F)C(F)(F)C(F)(F)C(F)(F)C(F)(F)C(F)(F)F,neutral,13,1,8,0.8666666666666667,378.08399999999995,4.07091139,-1755.2225491130905,-1755.1529066680623,,,12.684968657974748,,,,-1.2321688968171796,False,Carboxylate
Water,YUBDPGKNGXILBQ-UHFFFAOYSA-N,[H]OC(=O)C(F)(F)C(F)(F)C(F)(F)OC(F)(F)C(F)(F)F,O=C(O)C(F)(F)C(F)(F)C(F)(F)OC(F)(F)C(F)(F)F,neutral,11,1,7,1.0,330.049,3.162131616,-1553.3500256988896,-1553.2862210445755,,,12.7432826586999,,,3.4675562251122423,,False,Carboxylate
Water,VOPWNXZWBYDODV-UHFFFAOYSA-N,[H]C(F)(F)Cl,FC(F)Cl,neutral,2,0,1,0.6666666666666666,86.468,2.039935812,-698.56922960868,-698.5373209621785,,,13.67045622225945,,,1.756979641204725,-0.5559127590660825,False,Carboxylate
Water,UGZSEVFDTINITD-UHFFFAOYSA-N,[H]OC(=O)C([H])([H])N(C([H])([H])C([H])([H])[H])S(=O)(=O)C(F)(F)C(F)(F)F,CCN(CC(=O)O)S(=O)(=O)C(F)(F)C(F)(F)F,neutral,5,1,4,0.4166666666666667,285.18999999999994,8.182475438,-1486.4882305356384,-1486.426573002079,,,12.03535123412428,,,0.5266694356495151,,False,Sulphonate
Water,RGRJUIGTKHAMBM-UHFFFAOYSA-N,[H]C([H])([H])C(F)(F)C(F)(F)C(F)(F)C(F)(F)F,CC(F)(F)C(F)(F)C(F)(F)C(F)(F)F,neutral,9,1,6,0.75,234.06099999999995,3.332293891,-1091.0189129828286,-1090.9663633804685,,,14.032313236558599,,,3.564659531813912,1.905786993300932,False,Carboxylate
Water,SCJDDYJSXILABG-UHFFFAOYSA-N,[H]OS(=O)(=O)C(F)(F)OC(F)(F)C(F)(F)C(F)(F)C(F)(F)F,O=S(=O)(O)C(F)(F)OC(F)(F)C(F)(F)C(F)(F)C(F)(F)F,neutral,11,1,7,1.0,366.1039999999999,4.589158905,-1988.5864308192715,-1988.519588149396,,,13.750321640891425,,,1.548921050986395,,False,Sulphonate
Water,LPDPGJYFBSACGC-UHFFFAOYSA-N,[H]OS(=O)(=O)C(F)(F)C(F)(F)OC(F)(F)C(F)(F)OC(F)(F)F,O=S(=O)(O)C(F)(F)C(F)(F)OC(F)(F)C(F)(F)OC(F)(F)F,neutral,11,1,7,1.0,382.10299999999995,4.478611631,-2063.830789844521,-2063.762372335864,,,13.686184403509632,,,,,False,Sulphonate
Water,YBLYWKGTXUNAOC-UHFFFAOYSA-N,[H]C([H])([H])C(=O)C([H])([H])C(F)(F)C(F)(F)C(F)(F)C(F)(F)F,CC(=O)CC(F)(F)C(F)(F)C(F)(F)C(F)(F)F,neutral,9,1,6,0.6428571428571429,276.09799999999996,6.455571736,-1243.645657803152,-1243.5853764839724,,,11.798122368831754,,,2.4034464821611947,-2.0534667151781347,False,Carboxylate
Water,MPAJVPJYAATCNW-UHFFFAOYSA-N,[H]OS(=O)(=O)C(F)(F)C(F)(F)C(F)(F)C(F)(F)OC(F)(F)F,O=S(=O)(O)C(F)(F)C(F)(F)C(F)(F)C(F)(F)OC(F)(F)F,neutral,11,1,7,1.0,366.1039999999999,4.045981862,-1988.5863714516931,-1988.5200300165664,,,13.572767345636352,,,1.1438891842233796,,False,Sulphonate
Water,XALFNZSGFNPWSM-UHFFFAOYSA-N,[H]C([H])(F)C(F)(F)C(F)(F)C(F)(F)F,FCC(F)(F)C(F)(F)C(F)(F)F,neutral,8,1,5,0.8,202.04399999999998,3.083719214,-952.455737344374,-952.4074525619191,,,14.131090568631535,,,3.0642613036115494,0.8545328854020334,False,Carboxylate
Water,FADHOJAGVOBODO-UHFFFAOYSA-N,[H]OS(=O)(=O)C(F)(F)C(F)(F)C(F)(F)OC(F)(F)C(F)(F)F,O=S(=O)(O)C(F)(F)C(F)(F)C(F)(F)OC(F)(F)C(F)(F)F,neutral,11,1,7,1.0,366.1039999999999,4.059011705,-1988.5880624351205,-1988.5218589835752,,,13.59769297543768,,,1.998825881805976,,False,Sulphonate
Water,QOWXQTDFXZPWER-UHFFFAOYSA-N,F[C](F)C(F)(F)C(F)(F)[C](F)F,F[C](F)C(F)(F)C(F)(F)[C](F)F,neutral,8,0,2,1.0,200.02799999999996,0.877399088,-951.12325383214,-951.0733869473648,24.894403999999998,24.80996,,,,,,,
Water,USPWUOFNOTUBAD-UHFFFAOYSA-N,Fc1c(F)c(F)c(C(F)(F)F)c(F)c1F,Fc1c(F)c(F)c(C(F)(F)F)c(F)c1F,neutral,8,1,3,1.0,236.06099999999995,1.358213236,-1065.53834889708,-1065.4871365120641,,,10.644033055366911,,,2.990615124540333,1.852138929256808,False,Carboxylate
Water,ZXEIKCCCHZUUIC-UHFFFAOYSA-N,[H]OC(F)(F)C(F)(F)C(F)(F)C(F)(F)C(F)(F)C(F)(F)F,OC(F)(F)C(F)(F)C(F)(F)C(F)(F)C(F)(F)C(F)(F)F,neutral,13,1,8,1.0,336.04699999999997,2.94762372,-1602.5813806580811,-1602.517982860768,,,13.904283664271226,,,3.88260456070169,,False,Carboxylate
Water,HFMSVIJSHKDNIA-UHFFFAOYSA-N,[H]OC(C(F)(F)[C](F)F)(C(F)(F)C(F)(F)[C](F)F)S(=O)(=O)O[H],O=S(=O)(O)C(O)(C(F)(F)[C](F)F)C(F)(F)C(F)(F)[C](F)F,neutral,10,0,3,1.0,360.125,5.722453818,-1927.2821200320548,-1927.2134080885812,89.15595499999999,89.091126,,,,,,,
Water,DXYPAJRMJLAAGF-UHFFFAOYSA-N,[H]OS(=O)(=O)C(F)(F)C([H])(F)OC(F)(OC(F)(F)F)C(F)(F)F,O=S(=O)(O)C(F)(F)C(F)OC(F)(OC(F)(F)F)C(F)(F)F,neutral,10,2,7,0.9090909090909091,364.11299999999994,2.727921782,-1964.5704462013275,-1964.503943931768,,,13.473745111087203,,,1.006915416789273,,False,Sulphonate
Water,LRMSQVBRUNSOJL-UHFFFAOYSA-N,[H]OC(=O)C(F)(F)C(F)(F)F,O=C(O)C(F)(F)C(F)(F)F,neutral,5,1,4,1.0,164.029,3.343034448,-764.678544710842,-764.6346746655253,,,12.778249290025995,,,1.1696275162964362,-2.6579527902616853,False,Carboxylate
Water,NCUVQJKPUJYKHX-UHFFFAOYSA-N,FC(F)(F)OC(F)(F)C(F)(F)F,FC(F)(F)OC(F)(F)C(F)(F)F,neutral,8,2,7,1.0,204.01599999999996,0.165955764,-988.416726227449,-988.3692391633417,,,15.157612903375187,,,2.6727828756663814,3.429726946574406,False,Carboxylate
Water,DCEPGADSNJKOJK-UHFFFAOYSA-N,O=C(F)C(F)(F)F,O=C(F)C(F)(F)F,neutral,4,1,3,1.0,116.013,1.008199015,-550.8777372604568,-550.8404472731265,,,13.314612924320665,,,1.381071967151316,0.4991985056853347,False,Carboxylate
Water,QLOLJBGOVYZWBA-UHFFFAOYSA-N,Fc1c(F)c(F)c(C(F)(F)C(F)(F)C(F)(F)F)c(F)c1F,Fc1c(F)c(F)c(C(F)(F)C(F)(F)C(F)(F)F)c(F)c1F,neutral,12,1,5,1.0,336.075,1.358463332,-1541.1579089529869,-1541.0954304583197,,,10.509472750380501,,,4.454308548291285,,False,Carboxylate
Water,ACEKLXZRZOWKRY-UHFFFAOYSA-N,[H]OS(=O)(=O)C(F)(F)C(F)(F)C(F)(F)C(F)(F)C(F)(F)F,O=S(=O)(O)C(F)(F)C(F)(F)C(F)(F)C(F)(F)C(F)(F)F,neutral,11,1,7,1.0,350.1049999999999,4.309376104,-1913.3441907448012,-1913.2797986396208,,,13.384872723607806,,,1.1783084554475811,-2.364380725374489,False,Sulphonate
Water,GCXWOVOUQXPQGA-UHFFFAOYSA-N,[H]N(C([H])([H])[H])S(=O)(=O)C(F)(F)C(F)(F)F,CNS(=O)(=O)C(F)(F)C(F)(F)F,neutral,5,1,4,0.625,213.12699999999995,6.467951348,-1219.3197043607202,-1219.2689080085097,,,12.503142175079057,,,0.3983556888417138,-4.286143409142699,False,Sulphonate
Water,BFKJFAAPBSQJPD-UHFFFAOYSA-N,FC(F)=C(F)F,FC(F)=C(F)F,neutral,4,0,0,1.0,100.01400000000001,1.2638e-05,-475.57815646669206,-475.54290719339656,,,11.385733810273805,,,1.7611891192122937,2.2768828917859074,False,Carboxylate
Water,PDCBZHHORLHNCZ-UHFFFAOYSA-N,[H]c1c([H])c(C(F)(F)F)c([H])c([H])c1C(F)(F)F,FC(F)(F)c1ccc(C(F)(F)F)cc1,neutral,6,2,6,0.6,214.10799999999998,0.257120183,-906.3789267330013,-906.3294075045128,,,10.798131135677941,,,3.589789353633549,0.1396314870771057,False,Carboxylate
Water,WJSFZGPTEQNWCB-UHFFFAOYSA-N,[H]C(=O)C([H])([H])C(F)(F)C(F)(F)C(F)(F)C(F)(F)C(F)(F)C(F)(F)F,O=CCC(F)(F)C(F)(F)C(F)(F)C(F)(F)C(F)(F)C(F)(F)F,neutral,13,1,8,0.8125,362.0849999999999,5.662984197,-1679.956749260151,-1679.888186531326,,,11.781931594015392,,,,,False,Carboxylate
Water,KXSBBDBOZHALEI-UHFFFAOYSA-N,F[C](F)C(F)(F)C(F)(F)C(F)(F)C(F)(F)[C](F)F,F[C](F)C(F)(F)C(F)(F)C(F)(F)C(F)(F)[C](F)F,neutral,12,0,4,1.0,300.0419999999999,0.491279788,-1426.741076589624,-1426.6791748615997,24.890563999999998,24.809151,,,,,,,
Water,HAEXYOGSVZCBSX-UHFFFAOYSA-N,[H]C([H])([H])C(F)(F)C(F)(F)C(F)(F)C(F)(F)C(F)(F)C(F)(F)F,CC(F)(F)C(F)(F)C(F)(F)C(F)(F)C(F)(F)C(F)(F)F,neutral,13,1,8,0.8125,334.07499999999993,3.374435376,-1566.6348489064512,-1566.5707814694028,,,13.990598181443499,,,4.831628957789794,,False,Carboxylate
Water,KSNKQSPJFRQSEI-UHFFFAOYSA-N,[H]OC(=O)C([H])([H])C(F)(F)F,O=C(O)CC(F)(F)F,neutral,3,1,3,0.6,128.049,4.880940635,-566.1813532586757,-566.1409699556114,,,12.696234171880588,,,0.6351890141462542,-5.777375320350641,False,Carboxylate
Water,RTGGFPLAKRCINA-UHFFFAOYSA-N,[H]C([H])([H])C([H])([H])C(F)(F)C(F)(F)C(F)(F)C(F)(F)F,CCC(F)(F)C(F)(F)C(F)(F)C(F)(F)F,neutral,9,1,6,0.6428571428571429,248.08799999999994,3.522835411,-1130.308672393688,-1130.2528151356887,,,13.762811667178333,,,3.845540627842073,2.125952064159649,False,Carboxylate
Water,OWLVWXRISTZFKW-UHFFFAOYSA-N,F[C](F)C(F)(F)C(F)=C(F)C(F)(F)[C](F)F,F[C](F)C(F)(F)C(F)=C(F)C(F)(F)[C](F)F,neutral,10,0,2,1.0,262.04599999999994,0.000269332,-1226.9962656307305,-1226.9381099714642,24.870710000000003,24.792948000000003,,,,,,,
Water,ZQBFAOFFOQMSGJ-UHFFFAOYSA-N,Fc1c(F)c(F)c(F)c(F)c1F,Fc1c(F)c(F)c(F)c(F)c1F,neutral,6,0,0,1.0,186.05399999999997,7.394e-06,-827.6996862844026,-827.6542892042893,,,10.64329834793827,,,2.839138143761438,1.921574376525447,False,Carboxylate
Water,PXUULQAPEKKVAH-UHFFFAOYSA-N,[H]OC(=O)C(F)(F)C(F)(F)C(F)(F)C(F)(F)C(F)(F)F,O=C(O)C(F)(F)C(F)(F)C(F)(F)C(F)(F)C(F)(F)F,neutral,11,1,7,1.0,314.04999999999995,3.488454927,-1478.1037654982197,-1478.0420730542987,,,12.714465800665401,,,3.1043437300465877,-0.4663453961232808,False,Carboxylate
Water,CIOUKPWMVUTXHK-UHFFFAOYSA-N,[H]C([H])([H])C(=O)C([H])([H])C(F)(F)C(F)(F)F,CC(=O)CC(F)(F)C(F)(F)F,neutral,5,1,4,0.5,176.08399999999997,6.586886519,-768.0295099105924,-767.9807464882374,,,11.812843728790835,,,1.81838167376972,-3.718363139962437,False,Carboxylate
Water,CYRMSUTZVYGINF-UHFFFAOYSA-N,FC(Cl)(Cl)Cl,FC(Cl)(Cl)Cl,neutral,1,0,0,1.0,137.368,0.536470349,-1518.4014397929657,-1518.3653576287752,,,12.48297853787078,,,2.8957440556285645,0.6042343528749738,False,Carboxylate
Water,KUDOWPKHZOGSHN-UHFFFAOYSA-N,[H]OP(=O)(OC(F)(F)F)OC(F)(F)F,O=P(O)(OC(F)(F)F)OC(F)(F)F,neutral,6,2,6,1.0,233.98799999999994,4.404690133,-1318.347810666532,-1318.2964042530427,,,13.716225773925203,,,2.078871559058124,-2.816625584279513,False,Phosphate
Water,PNARBYBREBHBLC-UHFFFAOYSA-N,[H]C([H])([H])C(F)(F)C(F)(F)C(F)(F)C(F)(F)C(F)(F)F,CC(F)(F)C(F)(F)C(F)(F)C(F)(F)C(F)(F)F,neutral,11,1,7,0.7857142857142857,284.0679999999999,3.250961019,-1328.827624045062,-1328.7690990067704,,,13.70662015458037,,,3.907804562678704,,False,Carboxylate
Water,JMRIJKGIVGYIAD-UHFFFAOYSA-N,[H]C([H])=C(F)C([H])(F)F,C=C(F)C(F)F,neutral,3,0,1,0.5,96.051,4.400372357,-415.6417596100208,-415.60543701745286,,,12.235463768577274,,,1.7136209039034045,-1.1344287958601538,False,Carboxylate
Water,KRBNWYYINLFKND-UHFFFAOYSA-N,[H]OC(=O)C([H])=C([H])C(F)(F)C(F)(F)C(F)(F)F,O=C(O)C=CC(F)(F)C(F)(F)C(F)(F)F,neutral,7,1,5,0.7777777777777778,240.07399999999996,2.982963304,-1079.8759931499255,-1079.8211845485384,,,11.335610436808697,,,2.206919430742335,-2.3677271320136297,False,Carboxylate
Water,YLCLKCNTDGWDMD-UHFFFAOYSA-N,O=C(F)C(F)(F)C(F)(F)F,O=C(F)C(F)(F)C(F)(F)F,neutral,6,1,4,1.0,166.01999999999998,1.068415198,-788.6889634811876,-788.6451281808049,,,13.034634971235695,,,1.9488680359472124,1.8838365566895277,False,Carboxylate
Water,RFYFRYQYXJPKMF-UHFFFAOYSA-N,FC(=C(F)C(F)(F)C(F)(F)F)C(F)(F)C(F)(F)F,FC(=C(F)C(F)(F)C(F)(F)F)C(F)(F)C(F)(F)F,neutral,12,2,8,1.0,300.0419999999999,0.201316039,-1426.85768447357,-1426.7983702686493,,,11.745822084466965,,,4.680050542218515,,False,Carboxylate
Water,SYWZQJRYOQITAK-UHFFFAOYSA-N,[H]OS(=O)(=O)C([H])([H])C([H])([H])C(F)(F)C(F)(F)C(F)(F)F,O=S(=O)(O)CCC(F)(F)C(F)(F)C(F)(F)F,neutral,7,1,5,0.6363636363636364,278.1449999999999,4.566307959,-1516.3504529484271,-1516.29217654828,,,13.313442834712088,,,0.4835219230459732,-7.888236013631927,False,Sulphonate
Water,ZWBAMYVPMDSJGQ-UHFFFAOYSA-N,[H]OC(=O)C(F)(F)C(F)(F)C(F)(F)C(F)(F)C(F)(F)C(F)(F)F,O=C(O)C(F)(F)C(F)(F)C(F)(F)C(F)(F)C(F)(F)C(F)(F)F,neutral,13,1,8,1.0,364.05699999999996,3.217599271,-1715.9122594690973,-1715.84485664928,,,12.713486190760545,,,,0.0534894526232183,False,Carboxylate
Water,YPDPPLGJIXBIMW-UHFFFAOYSA-N,[H]OS(=O)(=O)C(F)(F)OC(F)(F)OC(F)(F)C(F)(F)F,O=S(=O)(O)C(F)(F)OC(F)(F)OC(F)(F)C(F)(F)F,neutral,9,1,6,1.0,332.09599999999995,4.368435126,-1826.017686218476,-1825.9557342845,,,13.668469791063492,,,0.4373869232630495,,False,Sulphonate
Water,QZBAYURFHCTXOJ-UHFFFAOYSA-N,[H]OC(=O)C([H])=C([H])C(F)(F)F,O=C(O)C=CC(F)(F)F,neutral,3,1,3,0.6,140.06,2.881118971,-604.2562573916439,-604.2132709795184,,,11.439666777813354,,,1.042131077574536,-3.868755577602649,False,Carboxylate
Water,PMNVMTIBUIRJHZ-UHFFFAOYSA-N,[H]OC(=O)C([H])([H])C(F)(F)C(F)(F)C(F)(F)C(F)(F)F,O=C(O)CC(F)(F)C(F)(F)C(F)(F)C(F)(F)F,neutral,9,1,6,0.8181818181818182,278.06999999999994,4.893606072,-1279.607464962382,-1279.5488447569392,,,12.61707624929101,,,2.415211890406117,-3.2453712904429954,False,Carboxylate
Water,RUWAFPLNUJKITJ-UHFFFAOYSA-N,[H]OC(=O)C(F)(F)C(F)(F)C(F)(F)C(F)(F)OC(F)(F)F,O=C(O)C(F)(F)C(F)(F)C(F)(F)C(F)(F)OC(F)(F)F,neutral,11,1,7,1.0,330.049,3.248959974,-1553.3466535795494,-1553.2832787367088,,,12.69174429315,,,2.8537434697980344,,False,Carboxylate
Water,QIROQPWSJUXOJC-UHFFFAOYSA-N,FC(F)(F)C1(F)C(F)(F)C(F)(F)C(F)(F)C(F)(F)C1(F)F,FC(F)(F)C1(F)C(F)(F)C(F)(F)C(F)(F)C(F)(F)C1(F)F,neutral,14,1,8,1.0,350.0489999999999,0.274261825,-1664.6904547184477,-1664.6285032623343,,,14.04121135986104,,,4.265761411425225,,False,Carboxylate
Water,MSWCOBAWHJPDEV-UHFFFAOYSA-N,[H]C([H])([H])OC(=O)C([H])([H])C([H])([H])C(F)(F)C(F)(F)C(F)(F)C(F)(F)C(F)(F)F,COC(=O)CCC(F)(F)C(F)(F)C(F)(F)C(F)(F)C(F)(F)F,neutral,11,1,7,0.6111111111111112,356.131,4.792801801,-1595.9848360641877,-1595.9154266562427,,,12.383629766686678,,,,,False,Carboxylate
Water,YHBLMQUQIHYSRV-UHFFFAOYSA-N,[H]OS(=O)(=O)C(F)(F)OC(F)(F)F,O=S(=O)(O)C(F)(F)OC(F)(F)F,neutral,5,1,4,1.0,216.08299999999994,4.217624542,-1275.1602514694375,-1275.1113020858172,,,13.823737960983102,,,-0.7610788746813426,-4.507131319194507,False,Sulphonate
Water,URBDAVCMARSFNX-UHFFFAOYSA-N,F[C](F)C(F)=C(F)C(F)(F)C(F)(F)[C](F)F,F[C](F)C(F)=C(F)C(F)(F)C(F)(F)[C](F)F,neutral,10,0,2,1.0,262.04599999999994,1.974023643,-1227.0148349234116,-1226.9564063825808,24.887207,24.805282,,,,,,,
Water,YBMDPYAEZDJWNY-UHFFFAOYSA-N,FC1=C(F)C(F)(F)C(F)(F)C1(F)F,FC1=C(F)C(F)(F)C(F)(F)C1(F)F,neutral,8,0,3,1.0,212.03899999999996,1.460749653,-989.3271346291715,-989.2796584604456,,,12.402079086561459,,,3.0357039389674823,1.681348047649207,False,Carboxylate
Water,WMIYKQLTONQJES-UHFFFAOYSA-N,FC(F)(F)C(F)(F)F,FC(F)(F)C(F)(F)F,neutral,6,2,6,1.0,138.01000000000002,1.6508e-05,-675.3650458044935,-675.3259767179233,,,15.419005479654148,,,2.2935524323113987,2.5167222405005005,False,Carboxylate
Water,JFIQYUFQLKYFPJ-UHFFFAOYSA-N,[H]OC(=O)C(F)(OC(F)(F)F)C(F)(F)F,O=C(O)C(F)(OC(F)(F)F)C(F)(F)F,neutral,7,2,6,1.0,230.03499999999997,3.426796296,-1077.7335972859712,-1077.6815839892458,,,12.819746654051128,,,1.5872182286620689,-1.785042150614964,False,Carboxylate
Water,JDWGPDRDUUNFIB-UHFFFAOYSA-N,[H]OS(=O)(=O)C(F)(C(F)(F)F)C(F)(F)C(F)(F)C(F)(F)F,O=S(=O)(O)C(F)(C(F)(F)F)C(F)(F)C(F)(F)C(F)(F)F,neutral,11,2,8,1.0,350.1049999999999,4.157987187,-1913.3492936997047,-1913.2852042803263,,,13.559134441127114,,,0.9277803222128632,,False,Sulphonate
Water,WZEOZJQLTRFNCU-UHFFFAOYSA-N,FC(F)(F)OC(F)(F)F,FC(F)(F)OC(F)(F)F,neutral,6,2,6,1.0,154.009,0.063783271,-750.6060911616519,-750.565098112619,,,15.338867947159713,,,1.9444455897656905,2.7139045882646875,False,Carboxylate
Water,SQONXERJDSMNNZ-UHFFFAOYSA-N,[H]OP(=O)(C(F)(F)F)C(F)(F)F,O=P(O)(C(F)(F)F)C(F)(F)F,neutral,6,2,6,1.0,201.98999999999998,4.361755411,-1167.7957238294264,-1167.746854236858,,,13.152677964770792,,,1.7550938550880832,-3.831139319730747,False,Phosphate
Water,XBWQFDNGNOOMDZ-UHFFFAOYSA-N,[H]OS(=O)(=O)C(F)(F)C(F)(F)C(F)(F)F,O=S(=O)(O)C(F)(F)C(F)(F)C(F)(F)F,neutral,7,1,5,1.0,250.09099999999992,4.333959784,-1437.7273387629757,-1437.67456063438,,,13.542970877696996,,,0.2128014257524298,-3.605942575691509,False,Sulphonate
Water,UZUFPBIDKMEQEQ-UHFFFAOYSA-N,[H]OC(=O)C(F)(F)C(F)(F)C(F)(F)C(F)(F)C(F)(F)C(F)(F)C(F)(F)C(F)(F)F,O=C(O)C(F)(F)C(F)(F)C(F)(F)C(F)(F)C(F)(F)C(F)(F)C(F)(F)C(F)(F)F,neutral,17,1,10,1.0,464.07099999999997,3.221248099,-2191.5286479221927,-2191.45008274492,,,12.703662880325744,,,,1.1432577663441206,False,Carboxylate
Water,LREYALPNJOYGJE-UHFFFAOYSA-N,[H]OS(=O)(=O)C1(F)C(F)(F)C(F)(F)C(F)(F)C1(F)F,O=S(=O)(O)C1(F)C(F)(F)C(F)(F)C(F)(F)C1(F)F,neutral,9,0,4,1.0,312.1089999999999,4.144360561,-1713.6228761968373,-1713.564960963252,,,13.022144944948787,,,0.7936499133047411,,False,Sulphonate
Water,BVYZEFGWAUUMDL-UHFFFAOYSA-N,[H]N(C([H])([H])[H])S(=O)(=O)C(F)(F)C(F)(F)C(F)(F)F,CNS(=O)(=O)C(F)(F)C(F)(F)C(F)(F)F,neutral,7,1,5,0.7,263.13399999999996,6.561631894,-1457.1284281430567,-1457.0715598547986,,,12.467195933848108,,,0.858684191367913,-3.709435189444283,False,Sulphonate
Water,VXSYIYDVTQFDED-UHFFFAOYSA-N,[H]OS(=O)(=O)[C](F)C(F)(F)C(F)(F)C(F)(F)[C](F)F,O=S(=O)(O)[C](F)C(F)(F)C(F)(F)C(F)(F)[C](F)F,neutral,9,0,3,1.0,312.1089999999999,4.245544627,-1713.5049953376663,-1713.4417073802167,89.16632,89.059022,,,,,,,
Water,XLWUDBRTNPGWDQ-UHFFFAOYSA-N,[H]OP(=O)(O[H])C(F)(F)C(F)(F)F,O=P(O)(O)C(F)(F)C(F)(F)F,neutral,5,1,4,1.0,199.99899999999997,2.170611184,-1143.8135331821118,-1143.7651933788243,,,13.091071386309874,,,1.5232459299760397,-6.8409161843368205,False,Phosphate
Water,BMFPHHLKGOOCHE-UHFFFAOYSA-N,Fc1c(F)c(F)c(C(F)(F)C(F)(F)F)c(F)c1F,Fc1c(F)c(F)c(C(F)(F)C(F)(F)F)c(F)c1F,neutral,10,1,4,1.0,286.0679999999999,1.411270528,-1303.349263827205,-1303.292452400822,,,10.556548448586058,,,3.839810534637909,2.6638871462317035,False,Carboxylate
Water,RUFSXELMOQBMOF-UHFFFAOYSA-N,O=C(F)C(F)(F)C(F)(F)C(F)(F)C(F)(F)F,O=C(F)C(F)(F)C(F)(F)C(F)(F)C(F)(F)F,neutral,10,1,6,1.0,266.03399999999993,1.144103058,-1264.3062220646216,-1264.250287463282,,,12.797025146535727,,,2.8405425388895744,3.0926887016667304,False,Carboxylate
Water,LJTUHCJGGCJGFB-UHFFFAOYSA-N,[H]OP(=O)(O[H])OC(F)(F)C(F)(F)C(F)(F)C(F)(F)F,O=P(O)(O)OC(F)(F)C(F)(F)C(F)(F)C(F)(F)F,neutral,9,1,6,1.0,316.01199999999994,4.903739361,-1694.70348681476,-1694.6413814628525,,,13.255863541415579,,,3.269247802386968,,False,Phosphate
Water,KAKQVSNHTBLJCH-UHFFFAOYSA-N,[H]N([H])S(=O)(=O)C(F)(F)F,NS(=O)(=O)C(F)(F)F,neutral,3,1,3,1.0,149.093,6.016676495,-942.2286032921646,-942.1875627147482,,,13.394097383545196,,,-1.0009995786725048,-6.448871267694088,False,Sulphonate
Water,ROTSWXZIBBJEPH-UHFFFAOYSA-N,[H]OC([H])([H])C([H])([H])C(F)(F)C(F)(F)C(F)(F)F,OCCC(F)(F)C(F)(F)C(F)(F)F,neutral,7,1,5,0.6363636363636364,214.07999999999998,2.133248196,-967.7269717932362,-967.6750118870746,,,12.399793330116795,,,2.296505956081353,-2.176645957381277,False,Carboxylate
Water,FNUBKINEQIEODM-UHFFFAOYSA-N,[H]C(=O)C([H])([H])C(F)(F)C(F)(F)C(F)(F)F,O=CCC(F)(F)C(F)(F)C(F)(F)F,neutral,7,1,5,0.7,212.06399999999996,5.541041809,-966.5325816540856,-966.4812677412845,,,11.81014980155248,,,1.7813502002988069,-1.9626807637135624,False,Carboxylate
Water,IHYMJUVQLSNPPP-UHFFFAOYSA-N,[H]OC(=O)C(F)(F)OC(F)(F)F,O=C(O)C(F)(F)OC(F)(F)F,neutral,5,1,4,1.0,180.028,3.305776455,-839.9187733961127,-839.8727967369325,,,13.064213748085084,,,0.6360482826170754,-2.720830937632974,False,Carboxylate
Water,PRYVISBVTXTQOO-UHFFFAOYSA-N,[H]OP(=O)(O[H])OC(F)(F)C(F)(F)F,O=P(O)(O)OC(F)(F)C(F)(F)F,neutral,5,1,4,1.0,215.99799999999996,4.842031559,-1219.0867297283237,-1219.0357929958382,,,13.252679809224796,,,1.506855003055089,-6.977142109501833,False,Phosphate
Water,UNBXLINXSUCFBI-UHFFFAOYSA-N,[H]C(=O)C([H])([H])C(F)(F)C(F)(F)F,O=CCC(F)(F)C(F)(F)F,neutral,5,1,4,0.625,162.057,5.755516519,-728.7240952790187,-728.6788826508994,,,11.815619290187925,,,1.5633587324850866,-2.770547909137857,False,Carboxylate
Water,CSCYIGPJZPXESS-UHFFFAOYSA-N,[H]OC(=O)C(F)(F)OC(F)(F)C(F)(F)F,O=C(O)C(F)(F)OC(F)(F)C(F)(F)F,neutral,7,1,5,1.0,230.03499999999997,3.28293444,-1077.728974208524,-1077.67691709061,,,12.93136776043217,,,1.6100244982382694,-1.7189073286130718,False,Carboxylate
Water,IJOCNCZJDBTBIP-UHFFFAOYSA-N,[H]N(C([H])([H])[H])S(=O)(=O)C(F)(F)F,CNS(=O)(=O)C(F)(F)F,neutral,3,1,3,0.5,163.11999999999998,6.547247398,-981.5093004327656,-981.4645489858368,,,12.536884294024084,,,-0.3124381759212445,-5.0992570575046,False,Sulphonate
Water,IRTFYNWQADJCSC-UHFFFAOYSA-N,[H]OC(F)(F)C(F)(F)C(F)(F)C(F)(F)C(F)(F)F,OC(F)(F)C(F)(F)C(F)(F)C(F)(F)C(F)(F)F,neutral,11,1,7,1.0,286.03999999999996,2.986998021,-1364.7732942944292,-1364.7155198059525,,,14.04099366877107,,,3.2607565367862863,,False,Carboxylate
Water,KDHKNZMUAYFSHV-UHFFFAOYSA-N,[H]OC(=O)C([H])([H])C(F)(F)C(F)(F)C(F)(F)C(F)(F)C(F)(F)F,O=C(O)CC(F)(F)C(F)(F)C(F)(F)C(F)(F)C(F)(F)F,neutral,11,1,7,0.8461538461538461,328.07699999999994,4.88955079,-1517.4160810626731,-1517.3517061847651,,,12.641294383049937,,,2.7486519487458096,,False,Carboxylate
Water,PWMJXZJISGDARB-UHFFFAOYSA-N,FC1(F)C(F)(F)C(F)(F)C(F)(F)C1(F)F,FC1(F)C(F)(F)C(F)(F)C(F)(F)C1(F)F,neutral,10,0,5,1.0,250.03499999999994,0.018714146,-1189.0587227171368,-1189.0081180062032,,,13.771900270184494,,,3.3897082401756067,3.1212947531979727,False,Carboxylate
Water,RXPGWFYNBOAYKD-UHFFFAOYSA-N,[H]OC(=O)C([H])([H])N(C([H])([H])C([H])([H])[H])S(=O)(=O)C(F)(F)F,CCN(CC(=O)O)S(=O)(=O)C(F)(F)F,neutral,3,1,3,0.3,235.18299999999996,8.272239276,-1248.6781179772925,-1248.6222704510433,,,11.998207691898504,,,0.0459912693157064,-8.22703985511702,False,Sulphonate
Water,XCWMATKNFUWXCN-UHFFFAOYSA-N,[H]OC(F)(F)C(F)(F)C(F)(F)C(F)(F)C(F)(F)C(F)(F)C(F)(F)F,OC(F)(F)C(F)(F)C(F)(F)C(F)(F)C(F)(F)C(F)(F)C(F)(F)F,neutral,15,1,9,1.0,386.054,3.028185838,-1840.3892052632364,-1840.3201134477297,,,13.926896326241643,,,,,False,Carboxylate
Water,YSRVDLQDMZJEDO-UHFFFAOYSA-N,[H]OP(=O)(C(F)(F)C(F)(F)F)C(F)(F)C(F)(F)F,O=P(O)(C(F)(F)C(F)(F)F)C(F)(F)C(F)(F)F,neutral,10,2,8,1.0,302.00399999999996,4.350918759,-1643.4157139478284,-1643.3555252866147,,,12.979722393791292,,,3.0145098262103938,,False,Phosphate
Water,PBWZKZYHONABLN-UHFFFAOYSA-N,[H]OC(=O)C([H])(F)F,O=C(O)C(F)F,neutral,2,0,1,0.6666666666666666,96.03200000000001,3.823513906,-427.59789748662735,-427.5620853984466,,,12.713268499670576,,,0.1545798919942149,-5.456306480439964,False,Carboxylate
Water,OYGQVDSRYXATEL-UHFFFAOYSA-N,[H]OS(=O)(=O)C(F)(F)C(F)(F)C(F)(F)C(F)(F)C(F)(F)C(F)(F)C(F)(F)F,O=S(=O)(O)C(F)(F)C(F)(F)C(F)(F)C(F)(F)C(F)(F)C(F)(F)C(F)(F)F,neutral,15,1,9,1.0,450.1189999999999,4.179255845,-2388.9594775555684,-2388.883923410357,,,13.411213345493923,,,,-0.9394309877980802,False,Sulphonate
Water,RKIMETXDACNTIE-UHFFFAOYSA-N,FC1(F)C(F)(F)C(F)(F)C(F)(F)C(F)(F)C1(F)F,FC1(F)C(F)(F)C(F)(F)C(F)(F)C(F)(F)C1(F)F,neutral,12,0,6,1.0,300.0419999999999,0.000775179,-1426.8751023219495,-1426.8185465422152,,,14.040639920749872,,,3.8714865080306655,4.906874748462723,False,Carboxylate
Water,XZKOELJOFVHXRS-UHFFFAOYSA-N,FC(F)(F)C(F)(F)C(F)(F)OC(F)(F)C(F)(F)C(F)(F)F,FC(F)(F)C(F)(F)C(F)(F)OC(F)(F)C(F)(F)C(F)(F)F,neutral,14,2,10,1.0,354.037,0.308619595,-1701.8458243188315,-1701.7808124279995,,,14.552758209899364,,,4.366626804055441,,False,Carboxylate
Water,OYQPFWFQTWYFRR-UHFFFAOYSA-N,[H]OC(=O)C([H])=C([H])C(F)(F)C(F)(F)C(F)(F)C(F)(F)F,O=C(O)C=CC(F)(F)C(F)(F)C(F)(F)C(F)(F)F,neutral,9,1,6,0.8181818181818182,290.08099999999996,3.319359765,-1317.6839099824397,-1317.623448890488,,,11.305950025800568,,,2.5046098784578343,,False,Carboxylate
Water,XKPFLKWPESVZJF-UHFFFAOYSA-N,[H]OS(=O)(=O)C([H])([H])C([H])([H])C(F)(F)F,O=S(=O)(O)CCC(F)(F)F,neutral,3,1,3,0.42857142857142855,178.13099999999997,4.544909998,-1040.7318978282497,-1040.6853746687975,,,13.361498142822501,,,-0.7119977053908914,-9.535352635642138,False,Sulphonate
Water,NPOAVCPGPRUNOX-UHFFFAOYSA-N,[H]OC([H])([H])C([H])([H])C(F)(F)C(F)(F)C(F)(F)C(F)(F)C(F)(F)F,OCCC(F)(F)C(F)(F)C(F)(F)C(F)(F)C(F)(F)F,neutral,11,1,7,0.7333333333333333,314.09399999999994,4.891258555,-1443.3421825495864,-1443.278931028654,,,12.349724379424176,,,3.572311366677552,,False,Carboxylate
Water,HDBGBTNNPRCVND-UHFFFAOYSA-N,[H]OC([H])([H])C([H])([H])C(F)(F)F,OCCC(F)(F)F,neutral,3,1,3,0.42857142857142855,114.06600000000002,2.220664255,-492.1081025131819,-492.06850156789426,,,12.521809186043805,,,1.0679109885768447,-4.308197352620371,False,Carboxylate
Water,GTLACDSXYULKMZ-UHFFFAOYSA-N,[H]C(F)(F)C(F)(F)F,FC(F)C(F)(F)F,neutral,5,1,4,0.8333333333333334,120.02000000000001,2.25852552,-576.0985207891677,-576.0609081652625,,,14.585330239235812,,,1.982215194280144,0.0788078284083847,False,Carboxylate
Water,NLAGAXIWWHZGCK-UHFFFAOYSA-N,[H]OC(=O)C([H])([H])C(F)(F)C(F)(F)C(F)(F)F,O=C(O)CC(F)(F)C(F)(F)C(F)(F)F,neutral,7,1,5,0.7777777777777778,228.06299999999996,4.796949273,-1041.800083512624,-1041.7472001826948,,,12.639688911261427,,,1.7821423699019725,-4.271106493831969,False,Carboxylate
Water,PBWHQPOHADDEFU-UHFFFAOYSA-N,FC(F)=C(F)C(F)(F)C(F)(F)C(F)(F)F,FC(F)=C(F)C(F)(F)C(F)(F)C(F)(F)F,neutral,10,1,5,1.0,250.03499999999994,1.370504754,-1189.0327702446912,-1188.9788801144514,,,11.953145636275147,,,3.452284260854979,3.83844064974552,False,Carboxylate
Water,WXFBZGUXZMEPIR-UHFFFAOYSA-N,[H]C(F)(F)C(F)(F)C(F)(F)C(F)(F)C(F)(F)F,FC(F)C(F)(F)C(F)(F)C(F)(F)C(F)(F)F,neutral,11,1,7,0.9166666666666666,270.04099999999994,2.087275428,-1289.5246501073757,-1289.4685401356555,,,14.089103399653977,,,3.5392681847514607,2.2681112206383096,False,Carboxylate
Water,CDAVUOSPHHTNBU-UHFFFAOYSA-N,FC(F)=C(F)C(F)(F)C(F)(F)C(F)(F)C(F)(F)C(F)(F)F,FC(F)=C(F)C(F)(F)C(F)(F)C(F)(F)C(F)(F)C(F)(F)F,neutral,14,1,7,1.0,350.0489999999999,1.665367811,-1664.648282159306,-1664.5830985736877,,,11.898178636058253,,,4.655714990517796,,False,Carboxylate
Water,QXJCOPITNGTALI-UHFFFAOYSA-N,[H]OC(F)(F)C(F)(F)C(F)(F)C(F)(F)F,OC(F)(F)C(F)(F)C(F)(F)C(F)(F)F,neutral,9,1,6,1.0,236.03299999999996,2.904689264,-1126.9650046332104,-1126.9129871146936,,,14.26712028847523,,,2.6456074352955343,-0.436022757800674,False,Carboxylate
Water,CDOOAUSHHFGWSA-UHFFFAOYSA-N,[H]C(F)=C([H])C(F)(F)F,FC=CC(F)(F)F,neutral,4,1,3,0.6666666666666666,114.04100000000001,1.534783362,-514.9172756825029,-514.8790875425178,,,12.429344895579938,,,1.9973495473071503,0.1387638954903787,False,Carboxylate
Water,UUAGAQFQZIEFAH-UHFFFAOYSA-N,FC(F)=C(F)Cl,FC(F)=C(F)Cl,neutral,3,0,0,1.0,116.46900000000001,0.512250742,-835.8786257422998,-835.8422079585009,,,11.15617855590265,,,2.200556339409792,2.239203968292129,False,Carboxylate
Water,BYGWMJZIFWPRGB-UHFFFAOYSA-N,[H]C([H])(F)C(F)(F)C(F)(F)C(F)(F)C(F)(F)C(F)(F)F,FCC(F)(F)C(F)(F)C(F)(F)C(F)(F)C(F)(F)F,neutral,12,1,7,0.8571428571428571,302.05799999999994,3.07794847,-1428.0717550841716,-1428.0117148914464,,,14.057402134677401,,,4.2196464583506295,,False,Carboxylate
Water,GVIXZDGQTOWUQT-UHFFFAOYSA-N,[H]O[C](C(F)(F)C(F)(F)C(F)(F)C(F)(F)[C](F)F)S(=O)(=O)O[H],O=S(=O)(O)[C](O)C(F)(F)C(F)(F)C(F)(F)C(F)(F)[C](F)F,neutral,10,0,4,1.0,360.125,2.934165724,-1927.3093689531124,-1927.2400325397075,89.158346,89.07476700000001,,,,,,,
Water,CZTBTZZANBJSLY-UHFFFAOYSA-N,[H]OC(=O)C(F)(F)C(F)(F)C(F)(F)OC(F)(F)F,O=C(O)C(F)(F)C(F)(F)C(F)(F)OC(F)(F)F,neutral,9,1,6,1.0,280.042,3.465576969,-1315.539570755735,-1315.481867053943,,,12.75408557903956,,,1.965529225202484,,False,Carboxylate
Water,YJDMCDWHXOSSHI-UHFFFAOYSA-N,[H]OC(=O)C(F)(C(F)(F)F)C(F)(F)F,O=C(O)C(F)(C(F)(F)F)C(F)(F)F,neutral,7,2,6,1.0,214.03599999999997,3.597939994,-1002.4984131210994,-1002.448535408007,,,13.185494896583455,,,1.7253516806163676,-2.069734770135997,False,Carboxylate
Water,GCSHTDCBGCURHU-UHFFFAOYSA-N,[H]OC(=O)C(F)(F)OC(F)(F)OC(F)(F)F,O=C(O)C(F)(F)OC(F)(F)OC(F)(F)F,neutral,7,1,5,1.0,246.03399999999996,3.217590834,-1152.9678540768732,-1152.9145280512755,,,12.957790016477025,,,1.3190631398377513,-1.6676216742102,False,Carboxylate
Water,FUVKFLJWBHVMHX-UHFFFAOYSA-N,[H]N([H])S(=O)(=O)C(F)(F)C(F)(F)C(F)(F)C(F)(F)F,NS(=O)(=O)C(F)(F)C(F)(F)C(F)(F)C(F)(F)F,neutral,9,1,6,1.0,299.1139999999999,6.215263555,-1655.6555462997128,-1655.5964531139662,,,13.183835002022448,,,1.2716519326439129,,False,Sulphonate
Water,LOMMKEOPNWFTMP-UHFFFAOYSA-N,[H]OS(=O)(=O)C(F)(OC(F)(F)C(F)(F)C(F)(F)F)C(F)(F)F,O=S(=O)(O)C(F)(OC(F)(F)C(F)(F)C(F)(F)F)C(F)(F)F,neutral,11,2,8,1.0,366.1039999999999,4.155881393,-1988.5892770488013,-1988.522864834812,,,13.515460166202304,,,1.53349521673526,-2.2544441600004794,False,Sulphonate
Water,XATLHBQMSOZWBO-UHFFFAOYSA-N,O=C(F)C(F)(F)C(F)(F)C(F)(F)C(F)(F)C(F)(F)F,O=C(F)C(F)(F)C(F)(F)C(F)(F)C(F)(F)C(F)(F)F,neutral,12,1,7,1.0,316.04099999999994,1.163330353,-1502.114291832337,-1502.0526292112957,,,12.672723534164055,,,3.6024960027464727,,False,Carboxylate
Water,RMHCWMIZBMGHKV-UHFFFAOYSA-N,FC(F)=C(F)C(F)(F)C(F)(F)C(F)(F)C(F)(F)F,FC(F)=C(F)C(F)(F)C(F)(F)C(F)(F)C(F)(F)F,neutral,12,1,6,1.0,300.0419999999999,1.78783888,-1426.8402084722447,-1426.780738361522,,,11.954615051132432,,,4.326268625691476,,False,Carboxylate
Water,NEEGCEUNMCQJQF-UHFFFAOYSA-N,[H]OC(=O)C([H])=C([H])C(F)(F)C(F)(F)F,O=C(O)C=CC(F)(F)C(F)(F)F,neutral,5,1,4,0.7142857142857143,190.06699999999998,2.965520117,-842.0676213282497,-842.0184243944391,,,11.351991691328783,,,1.5599326723499796,-3.110035437391953,False,Carboxylate
Water,NJCISIRAMWBANH-UHFFFAOYSA-N,[H]OC(=O)C(F)(F)OC(F)(F)C(F)(F)C(F)(F)C([H])([H])Cl,O=C(O)C(F)(F)OC(F)(F)C(F)(F)C(F)(F)CCl,neutral,8,0,4,0.8,310.524,3.183466194,-1715.121884154535,-1715.06044416516,,,12.740697577006534,,,3.086933596452043,,False,Carboxylate
Water,YVBBRRALBYAZBM-UHFFFAOYSA-N,FC(F)(F)C(F)(F)C(F)(F)C(F)(F)C(F)(F)C(F)(F)C(F)(F)C(F)(F)F,FC(F)(F)C(F)(F)C(F)(F)C(F)(F)C(F)(F)C(F)(F)C(F)(F)C(F)(F)F,neutral,18,2,12,1.0,438.05199999999996,0.32800277,-2102.2144746942454,-2102.140240835833,,,14.042571929173338,,,,,False,Carboxylate
Water,OUGVLAVHRNOQEV-UHFFFAOYSA-N,[H]C([H])([H])OC(=O)C([H])([H])C([H])([H])C(F)(F)C(F)(F)C(F)(F)F,COC(=O)CCC(F)(F)C(F)(F)C(F)(F)F,neutral,7,1,5,0.5,256.11699999999996,4.390720344,-1120.3692685785468,-1120.310782188942,,,12.485155448770461,,,2.7102994022779763,-0.8781296434786647,False,Carboxylate
Water,YHAYRKGGBCCPEW-UHFFFAOYSA-N,[H]OC(=O)C([H])([H])N(C([H])([H])[H])S(=O)(=O)C(F)(F)F,CN(CC(=O)O)S(=O)(=O)C(F)(F)F,neutral,3,1,3,0.375,221.15599999999995,7.676421053,-1209.3847694889948,-1209.3312965747389,,,12.056739383713627,,,-0.4166215996152539,-8.173499089177694,False,Sulphonate
Water,LJYZRMUUPVQSLI-UHFFFAOYSA-N,[H]OS(=O)(=O)C(F)(OC(F)(F)C(F)(F)F)C(F)(F)F,O=S(=O)(O)C(F)(OC(F)(F)C(F)(F)F)C(F)(F)F,neutral,9,2,7,1.0,316.0969999999999,4.259594376,-1750.7795898181655,-1750.718906140097,,,13.541283771749745,,,0.9838196981710118,-2.542172047003463,False,Sulphonate
Water,NLQOEOVORMKOIY-UHFFFAOYSA-N,FC1(F)C(F)(F)C(F)(F)C2(F)C(F)(F)C(F)(F)C(F)(F)C2(F)C1(F)F,FC1(F)C(F)(F)C(F)(F)C2(F)C(F)(F)C(F)(F)C(F)(F)C2(F)C1(F)F,neutral,16,0,7,1.0,412.06699999999995,0.280295502,-1940.585394802042,-1940.517875362994,,,13.039669077691203,,,,,False,Carboxylate
Water,NBVXSUQYWXRMNV-UHFFFAOYSA-N,[H]C([H])([H])F,CF,neutral,1,0,0,0.25,34.033,2.404777296,-139.73956969584347,-139.71322666937843,,,14.350305496229213,,,0.5350333979496528,-0.8598242975818237,False,Carboxylate
Water,HCDGVLDPFQMKDK-UHFFFAOYSA-N,FC(F)=C(F)C(F)(F)F,FC(F)=C(F)C(F)(F)F,neutral,6,1,3,1.0,150.021,1.47469629,-713.4128324195736,-713.3711499491835,,,11.994615788914032,,,2.3780720725983087,2.4387335272824187,False,Carboxylate
Water,IRWCCLQZAKMYHY-UHFFFAOYSA-N,[H]OC(=O)C(F)(F)C(F)(C(F)(F)F)C(F)(F)C(F)(F)F,O=C(O)C(F)(F)C(F)(C(F)(F)F)C(F)(F)C(F)(F)F,neutral,11,2,8,1.0,314.04999999999995,3.598040773,-1478.107586968962,-1478.0463785775855,,,12.704288742209402,,,2.987347287625977,,False,Carboxylate
Water,PAXFGBPGMBAFGA-UHFFFAOYSA-N,[H]OS(=O)(=O)C([H])([H])C(F)(F)C(F)(F)C(F)(F)C(F)(F)F,O=S(=O)(O)CC(F)(F)C(F)(F)C(F)(F)C(F)(F)F,neutral,9,1,6,0.8181818181818182,314.12499999999994,4.137972985,-1714.8556113327008,-1714.7944019069935,,,13.483867746770711,,,0.4584750415359042,-6.350777518198893,False,Sulphonate
Water,BJGMDDXEWGMYHD-UHFFFAOYSA-N,[H]C([H])(C(F)(F)F)C(F)(F)C(F)(F)F,FC(F)(F)CC(F)(F)C(F)(F)F,neutral,8,2,7,0.8,202.04399999999998,2.932242157,-952.4900701625511,-952.4417381514957,,,14.451586275836783,,,2.911045124597791,-0.071718252402956,False,Carboxylate
Water,ZVJOQYFQSQJDDX-UHFFFAOYSA-N,FC(F)=C(F)C(F)(F)C(F)(F)F,FC(F)=C(F)C(F)(F)C(F)(F)F,neutral,8,1,4,1.0,200.02799999999996,1.450619721,-951.2239377674496,-951.1759666607564,,,11.924437623785632,,,2.9583455004118773,3.176933478989999,False,Carboxylate
Water,KCZIAIJJDOASNM-UHFFFAOYSA-N,[H]OP(=O)(O[H])C(F)(F)C(F)(F)C(F)(F)C(F)(F)C(F)(F)F,O=P(O)(O)C(F)(F)C(F)(F)C(F)(F)C(F)(F)C(F)(F)F,neutral,11,1,7,1.0,350.0199999999999,2.137995217,-1857.2383632287524,-1857.1721806149997,,,13.080077986266495,,,3.2164343178588672,,False,Phosphate
Water,DCAIYMIXIOBNOB-UHFFFAOYSA-N,F[C](F)C(F)(F)C(F)(F)C(F)(C(F)(F)F)C(F)(F)[C](F)F,F[C](F)C(F)(F)C(F)(F)C(F)(C(F)(F)F)C(F)(F)[C](F)F,neutral,14,1,6,1.0,350.0489999999999,0.936068775,-1664.552774050043,-1664.485807318987,24.890672,24.809376,,,,,,,
Water,CSEBNABAWMZWIF-UHFFFAOYSA-N,[H]OC(=O)C(F)(OC(F)(F)C(F)(F)C(F)(F)F)C(F)(F)F,O=C(O)C(F)(OC(F)(F)C(F)(F)C(F)(F)F)C(F)(F)F,neutral,11,2,8,1.0,330.049,3.505641571,-1553.3541929870346,-1553.2906078610793,,,12.830740054094507,,,2.685773358538788,-0.642310583125088,False,Carboxylate
Water,QDUKVMNUAQTMQW-UHFFFAOYSA-N,[H]N([H])S(=O)(=O)C(F)(F)C(F)(F)F,NS(=O)(=O)C(F)(F)C(F)(F)F,neutral,5,1,4,1.0,199.09999999999997,5.885114948,-1180.0392538882536,-1179.99190030076,,,13.274340072676603,,,-0.34508597413262,-5.641918785046804,False,Sulphonate
Water,QEWYKACRFQMRMB-UHFFFAOYSA-N,[H]OC(=O)C([H])([H])F,O=C(O)CF,neutral,1,0,0,0.3333333333333333,78.042,4.512444676,-328.33802785737555,-328.30385187043026,,,12.718574719988545,,,-0.0798452388721523,-6.2709616203049,False,Carboxylate
Water,CXZGQIAOTKWCDB-UHFFFAOYSA-N,[H]OC(=O)C(F)(F)C(F)(F)C(F)(F)C(F)(F)F,O=C(O)C(F)(F)C(F)(F)C(F)(F)C(F)(F)F,neutral,9,1,6,1.0,264.04299999999995,3.279317112,-1240.2960319490248,-1240.2401378535824,,,12.767881751866275,,,2.3110734452290678,-1.3159237611520789,False,Carboxylate
Water,PUBGHTOQJMZZEU-UHFFFAOYSA-N,[H]OS(=O)(=O)C(F)([C](F)F)C(F)(F)C(F)(F)[C](F)F,O=S(=O)(O)C(F)([C](F)F)C(F)(F)C(F)(F)[C](F)F,neutral,9,0,2,1.0,312.1089999999999,3.829414432,-1713.4950814740369,-1713.431995895676,89.164956,89.09345300000001,,,,,,,
Water,WVMSKLLESNCNTP-UHFFFAOYSA-N,[H]OS(=O)(=O)C(F)(F)OC(F)(F)OC(F)(F)F,O=S(=O)(O)C(F)(F)OC(F)(F)OC(F)(F)F,neutral,7,1,5,1.0,282.08899999999994,4.461117684,-1588.2103477446333,-1588.153765054121,,,13.817560976305261,,,-0.3313790921580816,-3.903585680555038,False,Sulphonate
Water,CFSHSCBNZAKMAT-UHFFFAOYSA-N,[H]C(F)(C(F)(F)F)C([H])(F)C(F)(F)F,FC(C(F)C(F)(F)F)C(F)(F)F,neutral,8,2,6,0.8,202.04399999999995,3.747465516,-952.4707943893985,-952.422573246011,,,14.479695637828888,,,4.379369821327445,0.3825595890728524,False,Carboxylate
Water,OLVCKTXXONYSKV-UHFFFAOYSA-N,O=C(F)C(F)(F)C(F)(F)C(F)(F)C(F)(F)C(F)(F)C(F)(F)C(F)(F)C(F)(F)F,O=C(F)C(F)(F)C(F)(F)C(F)(F)C(F)(F)C(F)(F)C(F)(F)C(F)(F)C(F)(F)F,neutral,18,1,10,1.0,466.06199999999995,1.445211812,-2215.5358598632274,-2215.4576843010877,,,12.922224734653518,,,,,False,Carboxylate
Water,PUUPFOPNQLTVIU-UHFFFAOYSA-N,[H]OC(=O)C(F)=C(F)C(F)(F)C(F)(F)C(F)(F)C(F)(F)F,O=C(O)C(F)=C(F)C(F)(F)C(F)(F)C(F)(F)C(F)(F)F,neutral,11,1,6,1.0,326.061,3.12947394,-1516.1725477130217,-1516.108964124491,,,10.815736902579097,,,2.8176665741839897,,False,Carboxylate
Water,UQSKZXLVALTWRV-UHFFFAOYSA-N,[H]OS(=O)(=O)C(F)(F)C(F)(F)C(F)(F)OC(F)(F)F,O=S(=O)(O)C(F)(F)C(F)(F)C(F)(F)OC(F)(F)F,neutral,9,1,6,1.0,316.0969999999999,4.510338897,-1750.778844968182,-1750.7181468489725,,,13.495133260676552,,,0.0420583995778532,,False,Sulphonate
Water,XJSRKJAHJGCPGC-UHFFFAOYSA-N,[H]C(F)(F)C(F)(F)C(F)(F)C(F)(F)C(F)(F)C(F)(F)F,FC(F)C(F)(F)C(F)(F)C(F)(F)C(F)(F)C(F)(F)F,neutral,13,1,8,0.9285714285714286,320.04799999999994,2.396138477,-1527.3326651490056,-1527.2709129569184,,,13.902406078620253,,,4.139609863047662,,False,Carboxylate
Water,HRGUTPUQCCHFHT-UHFFFAOYSA-N,[H]OC(=O)C(F)(F)OC(F)(F)C(F)(F)C(F)(F)F,O=C(O)C(F)(F)OC(F)(F)C(F)(F)C(F)(F)F,neutral,9,1,6,1.0,280.042,3.16755198,-1315.5380418405623,-1315.4801971602687,,,12.92295944208216,,,2.2526506887696938,,False,Carboxylate
Water,RRFHTSQSIQEIHY-UHFFFAOYSA-N,[H]C([H])([H])C(=O)C([H])([H])C(F)(F)C(F)(F)C(F)(F)C(F)(F)C(F)(F)C(F)(F)F,CC(=O)CC(F)(F)C(F)(F)C(F)(F)C(F)(F)C(F)(F)C(F)(F)F,neutral,13,1,8,0.7222222222222222,376.11199999999997,6.483454902,-1719.2599887066212,-1719.1884606775843,,,11.778040365782214,,,,,False,Carboxylate
Water,ZQTIKDIHRRLSRV-UHFFFAOYSA-N,[H]C(F)(F)C(F)(F)C(F)(F)C(F)(F)F,FC(F)C(F)(F)C(F)(F)C(F)(F)F,neutral,9,1,6,0.9,220.03399999999996,2.229397905,-1051.716727912711,-1051.666522395702,,,14.085892456076948,,,2.8384420899549867,1.1576111101695312,False,Carboxylate
Water,ZZIVMEZYOKGBJO-UHFFFAOYSA-N,[H]OC(=O)C(F)(F)OC(F)(F)C(F)(F)C(F)(F)C(F)(F)F,O=C(O)C(F)(F)OC(F)(F)C(F)(F)C(F)(F)C(F)(F)F,neutral,11,1,7,1.0,330.049,3.498981558,-1553.3457746656404,-1553.2823031131359,,,12.90214273160398,,,2.7751605931586343,,False,Carboxylate
Water,NQQJVQOTNMTVOX-UHFFFAOYSA-N,F[C](F)C(F)(F)C(F)(F)C(F)(F)[C](F)F,F[C](F)C(F)(F)C(F)(F)C(F)(F)[C](F)F,neutral,10,0,3,1.0,250.03499999999994,0.750450035,-1188.9323704933845,-1188.8764820823756,24.892394,24.808138000000003,,,,,,,
Water,YBVRDNKKIWCSHJ-UHFFFAOYSA-N,FC(F)(F)C(F)(F)OC(F)(F)C(F)(F)C(F)(F)F,FC(F)(F)C(F)(F)OC(F)(F)C(F)(F)C(F)(F)F,neutral,12,2,9,1.0,304.03,0.101698958,-1464.0356731820684,-1463.976145972318,,,14.625984050287322,,,4.191012827720965,,False,Carboxylate
Water,ORNGPPZBMMHKPM-UHFFFAOYSA-N,FC(F)(F)C(F)(F)OC(F)(F)C(F)(F)F,FC(F)(F)C(F)(F)OC(F)(F)C(F)(F)F,neutral,10,2,8,1.0,254.02299999999997,0.145190111,-1226.227175678782,-1226.1734525743375,,,14.883866357740548,,,3.3717211233040127,4.129756598899576,False,Carboxylate
Water,NVSXSBBVEDNGPY-UHFFFAOYSA-N,[H]C([H])([H])C([H])([H])C(F)(F)C(F)(F)F,CCC(F)(F)C(F)(F)F,neutral,5,1,4,0.5,148.07399999999998,3.335414581,-654.6918014808825,-654.648044733896,,,13.96719638927195,,,2.8232441415863367,0.7190918521198514,False,Carboxylate
Water,QVHWOZCZUNPZPW-UHFFFAOYSA-N,FC1=C(F)C(F)(F)C1(F)F,FC1=C(F)C(F)(F)C1(F)F,neutral,6,0,2,1.0,162.03199999999998,2.003721242,-751.4885839565529,-751.4461196281119,,,12.289369524730576,,,2.5033052600238004,1.157454643861647,False,Carboxylate
Water,FXKAFEFAPQFHKH-UHFFFAOYSA-N,[H]OC(=O)C([H])([H])N(C([H])([H])[H])S(=O)(=O)C(F)(F)C(F)(F)F,CN(CC(=O)O)S(=O)(=O)C(F)(F)C(F)(F)F,neutral,5,1,4,0.5,271.16299999999995,7.225707207,-1447.195409804165,-1447.1361953611483,,,11.964002979387297,,,0.1783186286704917,-7.444888297105583,False,Sulphonate
Water,SNHPHIVOTMMDRF-UHFFFAOYSA-N,[H]OS(=O)(=O)C(F)(C(F)(F)F)C(F)(F)F,O=S(=O)(O)C(F)(C(F)(F)F)C(F)(F)F,neutral,7,2,6,1.0,250.09099999999992,4.223193916,-1437.7351827945317,-1437.6827998758577,,,13.813588113913347,,,0.3336341357268325,-3.448683216035909,False,Sulphonate
Water,RFCAUADVODFSLZ-UHFFFAOYSA-N,FC(F)(F)C(F)(F)Cl,FC(F)(F)C(F)(F)Cl,neutral,5,1,4,1.0,154.46500000000003,0.604579017,-1035.6485734629116,-1035.6083842483372,,,14.01391833945631,,,2.7049779462816845,2.6102409521359657,False,Carboxylate
Water,RWRIWBAIICGTTQ-UHFFFAOYSA-N,[H]C([H])(F)F,FCF,neutral,2,0,1,0.5,52.022999999999996,2.589331555,-239.00889711417423,-238.98021484064847,,,14.249160773552877,,,1.0685190269383371,-1.3131839529263378,False,Carboxylate
Water,JPMHUDBOKDBBLG-UHFFFAOYSA-N,[H]OC([H])([H])C([H])([H])C(F)(F)C(F)(F)F,OCCC(F)(F)C(F)(F)F,neutral,5,1,4,0.5555555555555556,164.073,2.590913561,-729.9187960890058,-729.8721457606499,,,12.379466424591044,,,1.538094157738562,-3.388324349544426,False,Carboxylate
Water,WBXAHKZHOCTGLP-UHFFFAOYSA-N,[H]OC(F)(F)C(F)(F)C(F)(F)F,OC(F)(F)C(F)(F)C(F)(F)F,neutral,7,1,5,1.0,186.02599999999998,3.011545918,-889.1563263017765,-889.1105388661009,,,14.586554751616884,,,2.168383792768781,-1.0605478076376935,False,Carboxylate
Water,UGMLUHQLUFIGNF-UHFFFAOYSA-N,[H]OC(=O)C([H])=C([H])C(F)(F)C(F)(F)C(F)(F)C(F)(F)C(F)(F)F,O=C(O)C=CC(F)(F)C(F)(F)C(F)(F)C(F)(F)C(F)(F)F,neutral,11,1,7,0.8461538461538461,340.08799999999997,2.916512368,-1555.4919522597577,-1555.4256764464187,,,11.29822199210671,,,3.1429470936545942,,False,Carboxylate
Water,GFZPUWKGPNHWHD-UHFFFAOYSA-N,[H]N(C([H])([H])[H])S(=O)(=O)C(F)(F)C(F)(F)C(F)(F)C(F)(F)F,CNS(=O)(=O)C(F)(F)C(F)(F)C(F)(F)C(F)(F)F,neutral,9,1,6,0.75,313.1409999999999,6.485142842,-1694.937295654153,-1694.8746250514275,,,12.474352528430803,,,1.1692155192358211,,False,Sulphonate
Water,QZHDEAJFRJCDMF-UHFFFAOYSA-N,[H]OS(=O)(=O)C(F)(F)C(F)(F)C(F)(F)C(F)(F)C(F)(F)C(F)(F)F,O=S(=O)(O)C(F)(F)C(F)(F)C(F)(F)C(F)(F)C(F)(F)C(F)(F)F,neutral,13,1,8,1.0,400.1119999999999,4.27546004,-2151.152309640248,-2151.082120654987,,,13.307048158944282,,,,-1.7384501777117591,False,Sulphonate
Water,QONJFKZKPBYFFA-UHFFFAOYSA-N,[H]OS(=O)(=O)C(F)(F)C(F)(F)C(F)(C(F)(F)F)C(F)(F)F,O=S(=O)(O)C(F)(F)C(F)(F)C(F)(C(F)(F)F)C(F)(F)F,neutral,11,2,8,1.0,350.1049999999999,4.482523528,-1913.3483796390185,-1913.2844597152775,,,13.527950192489211,,,0.9898791402827852,,False,Sulphonate
Water,AHKBHDQYKYNFLM-UHFFFAOYSA-N,[H]OS(=O)(=O)C([H])([H])C(F)(F)C(F)(F)C(F)(F)C(F)(F)C(F)(F)C(F)(F)F,O=S(=O)(O)CC(F)(F)C(F)(F)C(F)(F)C(F)(F)C(F)(F)C(F)(F)F,neutral,13,1,8,0.8666666666666667,414.13899999999995,7.091959757,-2190.4713103270465,-2190.398576077864,,,13.408247304393111,,,,-5.514138839437793,False,Sulphonate
Water,POGJNMOVQNQIGY-UHFFFAOYSA-N,[H]OS(=O)(=O)C([H])([H])C([H])([H])C(F)(F)C(F)(F)F,O=S(=O)(O)CCC(F)(F)C(F)(F)F,neutral,5,1,4,0.5555555555555556,228.13799999999995,4.461936319,-1278.5428381405602,-1278.48982802887,,,13.277251691004926,,,-0.2855665100408738,-8.86933248797147,False,Sulphonate
Water,MPQDGDVBZJSJIA-UHFFFAOYSA-N,[H]OC(=O)C(F)(F)C(F)(F)OC(F)(F)C(F)(F)C(F)(F)F,O=C(O)C(F)(F)C(F)(F)OC(F)(F)C(F)(F)C(F)(F)F,neutral,11,1,7,1.0,330.049,3.389805352,-1553.349333144226,-1553.2855435089032,,,12.782194941031664,,,2.81382830325598,,False,Carboxylate
Water,XPDWGBQVDMORPB-UHFFFAOYSA-N,[H]C(F)(F)F,FC(F)F,neutral,3,1,3,0.75,70.013,2.187745832,-338.2861041995716,-338.2555608568208,,,15.606600776433988,,,1.2742860804858966,-0.3746035579791325,False,Carboxylate
Water,OIKDGSCOJRUCTN-UHFFFAOYSA-N,[H]OP(=O)(O[H])OC(F)(F)C(F)(F)C(F)(F)C(F)(F)C(F)(F)F,O=P(O)(O)OC(F)(F)C(F)(F)C(F)(F)C(F)(F)C(F)(F)F,neutral,11,1,7,1.0,366.01899999999995,4.092020134,-1932.5117029042087,-1932.443414080347,,,13.268788949882422,,,3.52278760393255,,False,Phosphate
Water,LVGUZGTVOIAKKC-UHFFFAOYSA-N,[H]C([H])(F)C(F)(F)F,FCC(F)(F)F,neutral,4,1,3,0.6666666666666666,102.03000000000002,2.875819861,-476.8372503744973,-476.8013877555827,,,14.634038620616133,,,1.8347223976270088,-0.8486178851963487,False,Carboxylate
Water,NNTNZRAMRLQIEI-UHFFFAOYSA-N,[H]OC(=O)C(F)(F)C(F)=C(F)C(F)(F)C(F)(F)C(F)(F)F,O=C(O)C(F)(F)C(F)=C(F)C(F)(F)C(F)(F)C(F)(F)F,neutral,11,1,6,1.0,326.061,3.108956733,-1516.1697094985543,-1516.10588272655,,,11.245214211699524,,,2.930711873383535,,False,Carboxylate
Water,UQDUPHDELLQMOV-UHFFFAOYSA-N,[H]OC(F)(F)C(F)(F)C(F)(F)C(F)(F)C(F)(F)C(F)(F)C(F)(F)C(F)(F)F,OC(F)(F)C(F)(F)C(F)(F)C(F)(F)C(F)(F)C(F)(F)C(F)(F)C(F)(F)F,neutral,17,1,10,1.0,436.061,3.148695848,-2078.196488124403,-2078.1216844985834,,,13.787628451434674,,,,,False,Carboxylate
Water,FERIUCNNQQJTOY-UHFFFAOYSA-N,[H]OC(=O)C([H])([H])C([H])([H])C([H])([H])[H],CCCC(=O)O,neutral,0,0,0,0.0,88.10600000000001,2.548285095,-307.66869102407105,-307.62988781085767,,,12.440256661464579,,,,-4.896036634766468,False,Carboxylate
Water,BIHYOWYNLRGNHF-UHFFFAOYSA-N,[H]OS(=O)(=O)C(F)(F)C(F)(F)OC(F)(F)C(F)(F)C(F)(F)F,O=S(=O)(O)C(F)(F)C(F)(F)OC(F)(F)C(F)(F)C(F)(F)F,neutral,11,1,7,1.0,366.1039999999999,4.364601846,-1988.5895869087287,-1988.5233976164595,,,13.611543571036888,,,1.0722555164778844,,False,Sulphonate
Water,DTQVDTLACAAQTR-UHFFFAOYSA-N,[H]OC(=O)C(F)(F)F,O=C(O)C(F)(F)F,neutral,3,1,3,1.0,114.02200000000002,3.192759422,-526.8670296321204,-526.8296241166212,,,13.060567422328123,,,0.5165029427556024,-3.2246293201323293,False,Carboxylate
Water,CGDXUTMWWHKMOE-UHFFFAOYSA-N,[H]OS(=O)(=O)C([H])(F)F,O=S(=O)(O)C(F)F,neutral,2,0,1,0.6666666666666666,132.087,3.52169005,-862.8447473947078,-862.8052933378801,,,13.484738511130583,,,-1.7374399671389074,-7.837529264789624,False,Sulphonate
Water,NVBJAOSFGHCYEU-UHFFFAOYSA-N,[H]OP(=O)(O[H])OC(F)(F)C(F)(F)C(F)(F)F,O=P(O)(O)OC(F)(F)C(F)(F)C(F)(F)F,neutral,7,1,5,1.0,266.00499999999994,4.201262241,-1456.8965995153328,-1456.8398244813188,,,13.26737395779763,,,1.8903467073383,-6.245389788245895,False,Phosphate
Water,PHYUPJDVBMIYFO-UHFFFAOYSA-N,[H]C([H])([H])OC(=O)C(F)(OC(F)(F)F)C(F)(F)F,COC(=O)C(F)(OC(F)(F)F)C(F)(F)F,neutral,7,2,6,0.7,244.06199999999995,4.248978236,-1117.0079949929911,-1116.9523874217575,,,12.856073854689521,,,2.1917793640887124,0.6176208895713757,False,Carboxylate
Water,JZJXEBUWIKKBCI-UHFFFAOYSA-N,[H]OC(=O)C(F)(F)C(F)(F)OC(F)(F)C(F)(F)OC(F)(F)F,O=C(O)C(F)(F)C(F)(F)OC(F)(F)C(F)(F)OC(F)(F)F,neutral,11,1,7,1.0,346.048,3.35975363,-1628.592180902574,-1628.5265795799853,,,12.789542015318082,,,1.2296979214211647,,False,Carboxylate
Water,NMFFOURLZOHACT-UHFFFAOYSA-N,[H]C([H])([H])OC(=O)C(F)(F)OC(F)(F)C(F)(F)C(F)(F)F,COC(=O)C(F)(F)OC(F)(F)C(F)(F)C(F)(F)F,neutral,9,1,6,0.75,294.06899999999996,3.948101927,-1354.8117155755672,-1354.7504257198405,,,12.985600053220423,,,3.4805695729999666,1.902746119790469,False,Carboxylate
Water,XPVYHZSHMRXILD-UHFFFAOYSA-N,[H]OC(=O)C(F)(F)C(F)(F)OC(F)(F)C(F)(F)OC(F)(F)C(F)(F)OC(F)(F)F,O=C(O)C(F)(F)C(F)(F)OC(F)(F)C(F)(F)OC(F)(F)C(F)(F)OC(F)(F)F,neutral,15,1,9,1.0,462.06100000000004,3.153338622,-2179.449135159505,-2179.3706617611133,,,12.784916079656263,,,,,False,Carboxylate
Water,XNPUIKGMNMTLOL-UHFFFAOYSA-N,[H]C([H])([H])OC(=O)C([H])([H])C([H])([H])C(F)(F)C(F)(F)C(F)(F)C(F)(F)F,COC(=O)CCC(F)(F)C(F)(F)C(F)(F)C(F)(F)F,neutral,9,1,6,0.5625,306.12399999999997,4.387992088,-1358.17769494906,-1358.1133531326925,,,12.473046381890995,,,3.5562145986468545,,False,Carboxylate
Water,ZFFLXJVVPHACEG-UHFFFAOYSA-N,FC1=C(F)C(F)(F)C(F)(F)C(F)(F)C1(F)F,FC1=C(F)C(F)(F)C(F)(F)C(F)(F)C1(F)F,neutral,10,0,4,1.0,262.04599999999994,0.944455367,-1227.1387332553725,-1227.0855043415372,,,12.051324317850675,,,3.560883472457373,3.196721597391159,False,Carboxylate
Water,LGQLPZYQUBVEBF-UHFFFAOYSA-N,[H]C(F)(C(F)(F)C(F)(F)F)C(F)(F)C(F)(F)F,FC(C(F)(F)C(F)(F)F)C(F)(F)C(F)(F)F,neutral,11,2,8,0.9166666666666666,270.04099999999994,2.139864377,-1289.5372812323956,-1289.4815018980066,,,14.380863882983459,,,3.997915684507202,2.0477636516842117,False,Carboxylate
DMSO,SKMMLBBBOOHUAV-UHFFFAOYSA-N,F[C]=C(F)C(F)(F)C(F)(F)[C](F)F,F[C]=C(F)C(F)(F)C(F)(F)[C](F)F,neutral,8,0,2,1.0,212.03899999999996,1.34394813,-989.1710337674768,-989.1188318116941,24.901393,24.793465,,,,,,,
DMSO,MAYCVDQHBUQQFH-UHFFFAOYSA-N,[H]OC(=O)C(F)(OC(F)(F)C(F)(F)F)C(F)(F)F,O=C(O)C(F)(OC(F)(F)C(F)(F)F)C(F)(F)F,neutral,9,2,7,1.0,280.042,2.9697778,-1315.5471484422644,-1315.489206061023,,,12.775174403380198,,,2.4829351820639984,-1.015359033055923,False,Carboxylate
DMSO,KVQPTMRJUGXQHT-UHFFFAOYSA-N,[H]OS(=O)(=O)C(F)(F)C(F)(F)OC(F)(F)F,O=S(=O)(O)C(F)(F)C(F)(F)OC(F)(F)F,neutral,7,1,5,1.0,266.0899999999999,3.452344736,-1512.971000858338,-1512.9163020287808,,,13.538181673717704,,,0.1211855118179688,-3.5086474042128803,False,Sulphonate
DMSO,AUBOIAPNLUHLAF-UHFFFAOYSA-N,[H]OP(=O)(O[H])C(F)(F)C(F)(F)C(F)(F)C(F)(F)F,O=P(O)(O)C(F)(F)C(F)(F)C(F)(F)C(F)(F)F,neutral,9,1,6,1.0,300.0129999999999,1.728948383,-1619.4304042017536,-1619.369660070345,,,12.808916522325225,,,2.640760398265232,,False,Phosphate
DMSO,PGDNKYZOVGBFMB-UHFFFAOYSA-N,F[C](F)C(F)=C(F)C(F)(F)[C](F)F,F[C](F)C(F)=C(F)C(F)(F)[C](F)F,neutral,8,0,1,1.0,212.03899999999996,1.567050246,-989.2093414205297,-989.1564047834544,24.887757999999998,24.808073,,,,,,,
DMSO,ZJIJAJXFLBMLCK-UHFFFAOYSA-N,FC(F)(F)C(F)(F)C(F)(F)C(F)(F)C(F)(F)C(F)(F)F,FC(F)(F)C(F)(F)C(F)(F)C(F)(F)C(F)(F)C(F)(F)F,neutral,14,2,10,1.0,338.03799999999995,0.325318415,-1626.6050849624116,-1626.542044998526,,,14.207717832300238,,,4.425477629166446,,False,Carboxylate
DMSO,TXGIGTRUEITPSC-UHFFFAOYSA-N,[H]OS(=O)(=O)C([H])([H])C([H])([H])C(F)(F)C(F)(F)C(F)(F)C(F)(F)F,O=S(=O)(O)CCC(F)(F)C(F)(F)C(F)(F)C(F)(F)F,neutral,9,1,6,0.6923076923076923,328.15199999999993,3.72245757,-1754.160334267851,-1754.0961249421684,,,13.053492461904165,,,1.090549269959972,-7.207544466323681,False,Sulphonate
DMSO,BRPIPWKSQOYFMA-UHFFFAOYSA-N,[H]OC1(S(=O)(=O)O[H])C(F)(F)C(F)(F)C(F)(F)C(F)(F)C1(F)F,O=S(=O)(O)C1(O)C(F)(F)C(F)(F)C(F)(F)C(F)(F)C1(F)F,neutral,10,0,5,1.0,360.12499999999994,2.55531915,-1927.4193855756507,-1927.3556551783645,,,12.771147118215794,,,0.5045306215794804,,False,Sulphonate
DMSO,JGTINUCQNREWAY-UHFFFAOYSA-N,F[C]=C(F)C(F)(F)C(F)(F)C(F)(F)[C](F)F,F[C]=C(F)C(F)(F)C(F)(F)C(F)(F)[C](F)F,neutral,10,0,3,1.0,262.04599999999994,2.427068061,-1226.9798883986273,-1226.922011145631,24.902054000000003,24.793631,,,,,,,
DMSO,NJCBUSHGCBERSK-UHFFFAOYSA-N,FC(F)(F)C(F)(F)C(F)(F)C(F)(F)C(F)(F)F,FC(F)(F)C(F)(F)C(F)(F)C(F)(F)C(F)(F)F,neutral,12,2,9,1.0,288.03099999999995,0.103483929,-1388.7968726812887,-1388.739561223953,,,14.240317073022933,,,3.9284209067657834,3.688723357948056,False,Carboxylate
DMSO,HVJCLAKQHMMQJA-UHFFFAOYSA-N,[H]C(=O)C([H])([H])C(F)(F)C(F)(F)C(F)(F)C(F)(F)C(F)(F)F,O=CCC(F)(F)C(F)(F)C(F)(F)C(F)(F)C(F)(F)F,neutral,11,1,7,0.7857142857142857,312.0779999999999,2.15100002,-1442.154549543502,-1442.0919247080924,,,11.6631811044379,,,2.9923583315626634,,False,Carboxylate
DMSO,SJCUDPIQQGYMBN-UHFFFAOYSA-N,[H]OC(=O)C(F)(F)OC(F)(F)OC(F)(F)C(F)(F)C(F)(F)F,O=C(O)C(F)(F)OC(F)(F)OC(F)(F)C(F)(F)C(F)(F)F,neutral,11,1,7,1.0,346.04799999999994,2.84628776,-1628.591462449249,-1628.5260821730371,,,12.882577744893116,,,3.5031299645967646,,False,Carboxylate
DMSO,GCVRYQSRTHJORT-UHFFFAOYSA-N,[H]OS(=O)(=O)C(F)(F)OC(F)(F)C(F)(F)C(F)(F)F,O=S(=O)(O)C(F)(F)OC(F)(F)C(F)(F)C(F)(F)F,neutral,9,1,6,1.0,316.0969999999999,3.680021968,-1750.781276394702,-1750.7203691194832,,,13.63097250081652,,,1.544481509097407,,False,Sulphonate
DMSO,CRXCJCHFWGLUBT-UHFFFAOYSA-N,[H]OS(=O)(=O)C(F)(F)OC(F)(F)C(F)(F)F,O=S(=O)(O)C(F)(F)OC(F)(F)C(F)(F)F,neutral,7,1,5,1.0,266.0899999999999,3.720278028,-1512.9716090780792,-1512.9164798334664,,,13.649775568712501,,,0.0638536335578408,-5.342633495964476,False,Sulphonate
DMSO,BKKNDZBSSSAGIB-UHFFFAOYSA-N,[H]N(C([H])([H])[H])S(=O)(=O)C(F)(F)C(F)(F)C(F)(F)C(F)(F)C(F)(F)F,CNS(=O)(=O)C(F)(F)C(F)(F)C(F)(F)C(F)(F)C(F)(F)F,neutral,11,1,7,0.7857142857142857,363.1479999999999,6.241945158,-1932.7494190375623,-1932.681206991448,,,12.340037125920606,,,1.886802954274587,,False,Sulphonate
DMSO,WSJULBMCKQTTIG-UHFFFAOYSA-N,FC(=C(F)C(F)(F)F)C(F)(F)F,FC(=C(F)C(F)(F)F)C(F)(F)F,neutral,8,2,6,1.0,200.02799999999996,0.002076747,-951.2415854298973,-951.1937578017609,,,12.057501302528511,,,2.948957902035157,2.536987401368743,False,Carboxylate
DMSO,KXSUVOSIUJMGTK-UHFFFAOYSA-N,[H]OC(=O)C(F)(F)C([H])(F)C(F)(F)C(F)(F)C(F)(F)C(F)(F)F,O=C(O)C(F)(F)C(F)C(F)(F)C(F)(F)C(F)(F)C(F)(F)F,neutral,12,1,7,0.9230769230769231,346.06699999999995,4.721688076,-1616.6624409059184,-1616.5964149064616,,,12.721023744750685,,,3.383675431051815,,False,Carboxylate
DMSO,YPJUNDFVDDCYIH-UHFFFAOYSA-N,[H]OC(=O)C(F)(F)C(F)(F)C(F)(F)F,O=C(O)C(F)(F)C(F)(F)C(F)(F)F,neutral,7,1,5,1.0,214.03599999999997,2.761736584,-1002.4895320845076,-1002.4394898573032,,,12.708642564008759,,,1.605143183212635,-1.92543234799704,False,Carboxylate
DMSO,QYSGYZVSCZSLHT-UHFFFAOYSA-N,FC(F)(F)C(F)(F)C(F)(F)F,FC(F)(F)C(F)(F)C(F)(F)F,neutral,8,2,7,1.0,188.017,0.213623566,-913.178585857376,-913.1332332742048,,,14.865797997273212,,,2.8126200861353,3.352700377325724,False,Carboxylate
DMSO,ITMCEJHCFYSIIV-UHFFFAOYSA-N,[H]OS(=O)(=O)C(F)(F)F,O=S(=O)(O)C(F)(F)F,neutral,3,1,3,1.0,150.07699999999997,3.732750066,-962.1079671297769,-962.0673216200349,,,13.75165499881748,,,-1.037662306540403,-5.022612248837732,False,Sulphonate
DMSO,KXJBWHWYJPNGSY-UHFFFAOYSA-N,[H]N(C([H])([H])C([H])([H])[H])S(=O)(=O)C(F)(F)C(F)(F)F,CCNS(=O)(=O)C(F)(F)C(F)(F)F,neutral,5,1,4,0.5,227.15399999999994,6.283604891,-1258.6163699054011,-1258.5629977262818,,,12.279355734592052,,,0.9160549851121031,-4.330335542171771,False,Sulphonate
DMSO,COQIQRBKEGPRSG-UHFFFAOYSA-N,FC(F)(F)C(F)(C(F)(F)F)C(F)(F)F,FC(F)(F)C(F)(C(F)(F)F)C(F)(F)F,neutral,10,3,9,1.0,238.02399999999994,0.129048062,-1150.9946849346184,-1150.9436601179373,,,15.25206362503501,,,3.308287123292034,4.13142590118663,False,Carboxylate
DMSO,CQSSHKTURFXNGF-UHFFFAOYSA-N,FC(F)(F)OC(F)(F)C(F)(F)C(F)(F)F,FC(F)(F)OC(F)(F)C(F)(F)C(F)(F)F,neutral,10,2,8,1.0,254.02299999999994,0.304019984,-1226.230240064909,-1226.17680464368,,,14.79575588907604,,,3.263900896877271,3.9868974295479855,False,Carboxylate
DMSO,BTZNPZMHENLISZ-UHFFFAOYSA-N,[H]OS(=O)(=O)C([H])([H])F,O=S(=O)(O)CF,neutral,1,0,0,0.3333333333333333,114.097,3.659218106,-763.5853162832746,-763.5477645273091,,,13.230584163593056,,,-1.6226414635997264,-9.586602939833003,False,Sulphonate
DMSO,JCMNMOBHVPONLD-UHFFFAOYSA-N,[H]OC([H])([H])C([H])([H])C(F)(F)C(F)(F)C(F)(F)C(F)(F)F,OCCC(F)(F)C(F)(F)C(F)(F)C(F)(F)F,neutral,9,1,6,0.6923076923076923,264.087,2.50268443,-1205.5377214749092,-1205.4793572766066,,,12.175244970814902,,,2.8351499716306434,-1.631885008610353,False,Carboxylate
DMSO,WQNQKEGKYUOPFZ-UHFFFAOYSA-N,[H]OC(=O)C(F)(F)OC(F)(F)OC(F)(F)C(F)(F)F,O=C(O)C(F)(F)OC(F)(F)OC(F)(F)C(F)(F)F,neutral,9,1,6,1.0,296.04099999999994,2.888322735,-1390.7817667048912,-1390.7220090777564,,,12.915857270271957,,,1.6274378196226993,,False,Carboxylate
DMSO,QWHCZVLZUPZGSI-UHFFFAOYSA-N,[H]OC(=O)C([H])([H])C([H])([H])C(F)(F)C(F)(F)C(F)(F)C(F)(F)F,O=C(O)CCC(F)(F)C(F)(F)C(F)(F)C(F)(F)F,neutral,9,1,6,0.6923076923076923,292.097,3.156404279,-1318.909826096052,-1318.8480936014134,,,12.196361006541789,,,2.792563467384124,-2.954740000989485,False,Carboxylate
DMSO,NLOLSXYRJFEOTA-UHFFFAOYSA-N,[H]C(=C([H])C(F)(F)F)C(F)(F)F,FC(F)(F)C=CC(F)(F)F,neutral,6,2,6,0.75,164.048,2.9863e-05,-752.7575470124882,-752.7129169242244,,,12.50678850083602,,,2.737932668136396,0.3142812513940786,False,Carboxylate
DMSO,JSHVKCHHCCUMHA-UHFFFAOYSA-N,[H]OC(=O)C(F)(C(F)(F)F)C(F)(F)C(F)(F)F,O=C(O)C(F)(C(F)(F)F)C(F)(F)C(F)(F)F,neutral,9,2,7,1.0,264.04299999999995,3.019935779,-1240.3086975179156,-1240.253023475386,,,13.098799420003736,,,2.164903284385641,-1.2691558379529688,False,Carboxylate
DMSO,OWNHYDYPDXFYLS-UHFFFAOYSA-N,[H]OC(=O)C(F)(C(F)(F)F)C(F)(F)C(F)(F)C(F)(F)F,O=C(O)C(F)(C(F)(F)F)C(F)(F)C(F)(F)C(F)(F)F,neutral,11,2,8,1.0,314.04999999999995,2.557971743,-1478.1178627184272,-1478.0563289707823,,,12.965926220964576,,,2.72487528010429,,False,Carboxylate
DMSO,XFSPFPFUBRZQFO-UHFFFAOYSA-N,[H]OP(=O)(O[H])OC(F)(F)F,O=P(O)(O)OC(F)(F)F,neutral,3,1,3,1.0,165.99099999999999,3.141505179,-981.2747182030723,-981.2298517726914,,,13.054172746560315,,,1.3826102590746827,-7.245683747128149,False,Phosphate
DMSO,ZSHOCLWXIZQXOS-UHFFFAOYSA-N,[H]OC(=O)C(F)(F)OC(F)(F)C(F)(F)C(F)(F)C(F)(F)C([H])([H])Cl,O=C(O)C(F)(F)OC(F)(F)C(F)(F)C(F)(F)C(F)(F)CCl,neutral,10,0,5,0.8333333333333334,360.53100000000006,5.029505333,-1952.9365683703988,-1952.8691951559751,,,12.686628552535755,,,3.4588406685977904,,False,Carboxylate
DMSO,YYXWJNBPHDUWJP-UHFFFAOYSA-N,O=C(F)C(F)(F)C(F)(F)C(F)(F)F,O=C(F)C(F)(F)C(F)(F)C(F)(F)F,neutral,8,1,5,1.0,216.02699999999996,1.025310139,-1026.5044758228648,-1026.4545164599897,,,12.841815088296624,,,2.468630786069464,2.69097022722399,False,Carboxylate
DMSO,KAVGMUDTWQVPDF-UHFFFAOYSA-N,FC(F)(F)C(F)(F)C(F)(F)C(F)(F)F,FC(F)(F)C(F)(F)C(F)(F)C(F)(F)F,neutral,10,2,8,1.0,238.02399999999997,6.195e-05,-1150.9878002195237,-1150.936287907296,,,14.490444135396054,,,3.384421316164729,3.927873077032877,False,Carboxylate
DMSO,BBLFCNLVILKUEU-UHFFFAOYSA-N,[H]OP(=O)(O[H])OC([H])([H])C([H])([H])C(F)(F)C(F)(F)C(F)(F)C(F)(F)F,O=P(O)(O)OCCC(F)(F)C(F)(F)C(F)(F)C(F)(F)F,neutral,9,1,6,0.6923076923076923,344.0659999999999,5.180976854,-1773.290383852536,-1773.223332417686,,,12.451277272894204,,,2.900284292821318,,False,Phosphate
DMSO,HWFPEKMIHWSKHB-UHFFFAOYSA-N,[H]OC(=O)C([H])(F)C(F)(F)C(F)(F)C(F)(F)C(F)(F)C(F)(F)F,O=C(O)C(F)C(F)(F)C(F)(F)C(F)(F)C(F)(F)C(F)(F)F,neutral,12,1,7,0.9230769230769231,346.06699999999995,2.865463656,-1616.6611765931148,-1616.5954328015375,,,12.66279137818427,,,3.10729049672882,,False,Carboxylate
DMSO,TXEYQDLBPFQVAA-UHFFFAOYSA-N,FC(F)(F)F,FC(F)(F)F,neutral,4,4,6,1.0,88.00300000000001,0.001106269,-437.5573369427892,-437.525929701896,,,16.79217366378544,,,1.657873270296075,2.164781861833841,False,Carboxylate
DMSO,PXBRQCKWGAHEHS-UHFFFAOYSA-N,FC(F)(Cl)Cl,FC(F)(Cl)Cl,neutral,2,0,1,1.0,120.91300000000001,0.59409655,-1158.1204990272715,-1158.0863676412223,,,13.129956457255393,,,2.818336358368262,1.8007248360744716,False,Carboxylate
DMSO,XJAAVVLEUZQVNJ-UHFFFAOYSA-N,[H]OP(=O)(O[H])C(F)(F)F,O=P(O)(O)C(F)(F)F,neutral,3,1,3,1.0,149.992,1.857040922,-905.9995400889853,-905.9565466873328,,,13.020376204842798,,,0.7396230705788274,-7.9024868332995055,False,Phosphate
DMSO,SJKDXZGLKADOQD-UHFFFAOYSA-N,[H]OC(=O)C(F)(F)OC(F)(F)OC(F)(F)OC(F)(F)F,O=C(O)C(F)(F)OC(F)(F)OC(F)(F)OC(F)(F)F,neutral,9,1,6,1.0,312.03999999999996,2.817115378,-1466.0208984092671,-1465.9600075280605,,,12.878958630522398,,,,,False,Carboxylate
DMSO,BCCOBQSFUDVTJQ-UHFFFAOYSA-N,FC1(F)C(F)(F)C(F)(F)C1(F)F,FC1(F)C(F)(F)C(F)(F)C1(F)F,neutral,8,0,4,1.0,200.02799999999996,0.000723916,-951.2308034378153,-951.1849626869368,,,13.065438260466154,,,2.742771528390488,1.880401783513025,False,Carboxylate
DMSO,SSTPSALUCQWOOV-UHFFFAOYSA-N,[H]N(C([H])([H])C([H])([H])[H])S(=O)(=O)C(F)(F)C(F)(F)C(F)(F)C(F)(F)F,CCNS(=O)(=O)C(F)(F)C(F)(F)C(F)(F)C(F)(F)F,neutral,9,1,6,0.6428571428571429,327.16799999999995,6.614011351,-1734.2344250118863,-1734.169416770438,,,12.28615858115355,,,1.6532057972737946,,False,Sulphonate
DMSO,FQKBJSUFBIZAKR-UHFFFAOYSA-N,[H]N([H])S(=O)(=O)C(F)(F)C(F)(F)C(F)(F)F,NS(=O)(=O)C(F)(F)C(F)(F)C(F)(F)F,neutral,7,1,5,1.0,249.10699999999994,5.67591345,-1417.850918444174,-1417.7976531139248,,,13.012865862238904,,,0.329565398025766,-4.969306719435801,False,Sulphonate
DMSO,ONAFLXCOZSGMCX-UHFFFAOYSA-N,[H]OS(=O)(=O)C(F)(F)OC(F)(F)OC(F)(F)OC(F)(F)F,O=S(=O)(O)C(F)(F)OC(F)(F)OC(F)(F)OC(F)(F)F,neutral,9,1,6,1.0,348.09499999999997,3.518210232,-1901.2615773769644,-1901.1975328881947,,,13.681885004482767,,,0.3222413842603134,,False,Sulphonate
DMSO,WZCZNEGTXVXAAS-UHFFFAOYSA-N,[H]OC(F)(F)F,OC(F)(F)F,neutral,3,1,3,1.0,86.01200000000001,2.434118717,-413.53504027246225,-413.502153511305,,,14.61948052897453,,,0.743355248783129,-2.640984823545925,False,Carboxylate
DMSO,QXQNEIFHTSUFRH-UHFFFAOYSA-N,[H]OC(=O)C([H])([H])N(C([H])([H])[H])S(=O)(=O)C(F)(F)C(F)(F)C(F)(F)F,CN(CC(=O)O)S(=O)(=O)C(F)(F)C(F)(F)C(F)(F)F,neutral,7,1,5,0.5833333333333334,321.1699999999999,7.205785764,-1685.006887432444,-1684.941667103304,,,11.838340797703326,,,0.2988460182028482,,False,Sulphonate
DMSO,NNZZMYIWZFZLHU-UHFFFAOYSA-N,[H]OC(F)(F)C(F)(F)F,OC(F)(F)C(F)(F)F,neutral,5,1,4,1.0,136.019,2.525290172,-651.3470613237597,-651.3073227583815,,,14.68451574210244,,,1.409809746680635,-1.785814890186009,False,Carboxylate
DMSO,AFYPFACVUDMOHA-UHFFFAOYSA-N,FC(F)(F)Cl,FC(F)(F)Cl,neutral,3,1,3,1.0,104.45800000000001,0.511106951,-797.8387520136401,-797.8053156455159,,,14.025102219203413,,,2.102519875814275,1.8651697776781009,False,Carboxylate
DMSO,FXYLSRYYWBTXOZ-UHFFFAOYSA-N,[H]OC(=O)C(F)(F)C(F)(F)C(F)(F)C([H])([H])Cl,O=C(O)C(F)(F)C(F)(F)C(F)(F)CCl,neutral,6,0,3,0.75,244.51799999999997,3.823456619,-1402.0767137147725,-1402.0226031275345,,,12.597293571490177,,,2.1216249496366686,-4.911178713394838,False,Carboxylate
DMSO,GKNWQHIXXANPTN-UHFFFAOYSA-N,[H]OS(=O)(=O)C(F)(F)C(F)(F)F,O=S(=O)(O)C(F)(F)C(F)(F)F,neutral,5,1,4,1.0,200.08399999999995,3.617341835,-1199.9188559344352,-1199.8719723298195,,,13.563624319857702,,,-0.2854353601865438,-4.3673164000934825,False,Sulphonate
DMSO,GETTZEONDQJALK-UHFFFAOYSA-N,[H]c1c([H])c([H])c(C(F)(F)F)c([H])c1[H],FC(F)(F)c1ccccc1,neutral,3,1,3,0.375,146.11100000000002,3.71746657,-569.2903752767442,-569.2489614400538,,,11.027822446980325,,,2.99965505660864,-0.3619636521320653,False,Carboxylate
DMSO,GIPRQSBAVJUXLY-UHFFFAOYSA-N,[H]OC(=O)C(F)(F)OC(F)(F)C(F)(F)C([H])([H])Cl,O=C(O)C(F)(F)OC(F)(F)C(F)(F)CCl,neutral,6,0,3,0.75,260.51699999999994,3.027982055,-1477.3175848668789,-1477.2616171757484,,,12.69528177336198,,,2.0128722870351554,-4.97613854643177,False,Carboxylate
DMSO,DUAKCVSNUIDZMC-UHFFFAOYSA-N,[H]C([H])([H])C(F)(F)C(F)(F)C(F)(F)F,CC(F)(F)C(F)(F)C(F)(F)F,neutral,7,1,5,0.7,184.05399999999997,3.134361128,-853.2156604539822,-853.1689813161224,,,14.042707986104565,,,3.024361718456515,1.3005966828246975,False,Carboxylate
DMSO,ZEINVQKYLOHKIW-UHFFFAOYSA-N,F[C](F)C(F)(F)C(F)(F)C(F)(F)C(F)(F)[C](F)C(F)(F)F,F[C](F)C(F)(F)C(F)(F)C(F)(F)C(F)(F)[C](F)C(F)(F)F,neutral,14,1,7,1.0,350.0489999999999,0.795354858,-1664.5726619488905,-1664.504780437626,24.896802,24.794254000000002,,,,,,,
DMSO,YFMFNYKEUDLDTL-UHFFFAOYSA-N,[H]C(F)(C(F)(F)F)C(F)(F)F,FC(C(F)(F)F)C(F)(F)F,neutral,7,2,6,0.875,170.027,2.224720631,-813.9244847747776,-813.880680845341,,,14.901608181572932,,,2.538240671927705,0.4060900298581419,False,Carboxylate
DMSO,VOXZZGGCSYUKFW-UHFFFAOYSA-N,[H]OC([C](F)F)(C(F)(F)C(F)(F)C(F)(F)[C](F)F)S(=O)(=O)O[H],O=S(=O)(O)C(O)([C](F)F)C(F)(F)C(F)(F)C(F)(F)[C](F)F,neutral,10,0,3,1.0,360.125,6.076114702,-1927.28642199713,-1927.2171379516749,89.149011,89.079636,,,,,,,
DMSO,KYPWHXRHVCYESU-UHFFFAOYSA-N,[H]OC(=O)C(F)(F)C(F)(C(F)(F)F)C(F)(F)F,O=C(O)C(F)(F)C(F)(C(F)(F)F)C(F)(F)F,neutral,9,2,7,1.0,264.04299999999995,3.025886173,-1240.3040986716228,-1240.2486725609372,,,12.663634931157896,,,2.118352285551405,-1.3316939482337733,False,Carboxylate
DMSO,FEPQOROVVLZNPA-UHFFFAOYSA-N,[H]OS(=O)(=O)C(F)(C(F)(F)[C](F)F)C(F)(F)[C](F)F,O=S(=O)(O)C(F)(C(F)(F)[C](F)F)C(F)(F)[C](F)F,neutral,9,0,2,1.0,312.1089999999999,3.624065672,-1713.4923320364449,-1713.429631681396,89.159935,89.09666800000001,,,,,,,
DMSO,PLXBWBKXCKSJRL-UHFFFAOYSA-N,[H]C(=O)C([H])([H])C(F)(F)C(F)(F)C(F)(F)C(F)(F)F,O=CCC(F)(F)C(F)(F)C(F)(F)C(F)(F)F,neutral,9,1,6,0.75,262.07099999999997,2.61675934,-1204.3454701901655,-1204.288678173258,,,11.645384857833024,,,2.7497081181390453,-1.3776323169260678,False,Carboxylate
DMSO,UKACHOXRXFQJFN-UHFFFAOYSA-N,[H]C(F)(F)C(F)(F)C(F)(F)F,FC(F)C(F)(F)C(F)(F)F,neutral,7,1,5,0.875,170.027,2.302391282,-813.9124621602349,-813.868333628518,,,14.312590514892275,,,2.4940036383354016,0.7992599543167267,False,Carboxylate
DMSO,XOCOKKRWJNSWQZ-UHFFFAOYSA-N,[H]OP(=O)(O[H])C(F)(F)C(F)(F)C(F)(F)F,O=P(O)(O)C(F)(F)C(F)(F)C(F)(F)F,neutral,7,1,5,1.0,250.00599999999994,1.809691177,-1381.6210816874732,-1381.566180860662,,,12.852100992297608,,,1.9070693142499768,-6.344498895508168,False,Phosphate
DMSO,IHPWVGWUNMKDHG-UHFFFAOYSA-N,[H]OS(=O)(=O)C(F)(OC(F)(F)F)C(F)(F)F,O=S(=O)(O)C(F)(OC(F)(F)F)C(F)(F)F,neutral,7,2,6,1.0,266.0899999999999,3.590174807,-1512.970390876121,-1512.915575721585,,,13.509228758751972,,,-0.087729293082239,-3.668534068852727,False,Sulphonate
DMSO,KSNKQSPJFRQSEI-UHFFFAOYSA-N,[H]OC(=O)C([H])([H])C(F)(F)F,O=C(O)CC(F)(F)F,neutral,3,1,3,0.6,128.049,4.419949215,-566.1823984176641,-566.1418964060282,,,12.453753509042588,,,0.6351890141462542,-5.777375320350641,False,Carboxylate
DMSO,HAEXYOGSVZCBSX-UHFFFAOYSA-N,[H]C([H])([H])C(F)(F)C(F)(F)C(F)(F)C(F)(F)C(F)(F)C(F)(F)F,CC(F)(F)C(F)(F)C(F)(F)C(F)(F)C(F)(F)C(F)(F)F,neutral,13,1,8,0.8125,334.07499999999993,3.199009978,-1566.642781590918,-1566.5786396195292,,,13.763845699855683,,,4.831628957789794,,False,Carboxylate
DMSO,ZQBFAOFFOQMSGJ-UHFFFAOYSA-N,Fc1c(F)c(F)c(F)c(F)c1F,Fc1c(F)c(F)c(F)c(F)c1F,neutral,6,0,0,1.0,186.05399999999997,7.359e-06,-827.7044540061112,-827.6590462602682,,,10.645012665271768,,,2.839138143761438,1.921574376525447,False,Carboxylate
DMSO,OWLVWXRISTZFKW-UHFFFAOYSA-N,F[C](F)C(F)(F)C(F)=C(F)C(F)(F)[C](F)F,F[C](F)C(F)(F)C(F)=C(F)C(F)(F)[C](F)F,neutral,10,0,2,1.0,262.04599999999994,0.000276493,-1227.0020370703933,-1226.9438816226343,24.870575,24.793181,,,,,,,
DMSO,RTGGFPLAKRCINA-UHFFFAOYSA-N,[H]C([H])([H])C([H])([H])C(F)(F)C(F)(F)C(F)(F)C(F)(F)F,CCC(F)(F)C(F)(F)C(F)(F)C(F)(F)F,neutral,9,1,6,0.6428571428571429,248.08799999999994,3.513802942,-1130.3148842323292,-1130.2590638633046,,,13.762485130543384,,,3.845540627842073,2.125952064159649,False,Carboxylate
DMSO,GCXWOVOUQXPQGA-UHFFFAOYSA-N,[H]N(C([H])([H])[H])S(=O)(=O)C(F)(F)C(F)(F)F,CNS(=O)(=O)C(F)(F)C(F)(F)F,neutral,5,1,4,0.625,213.12699999999995,6.087006162,-1219.3224066935916,-1219.271472840598,,,12.339438475423195,,,0.3983556888417138,-4.286143409142699,False,Sulphonate
DMSO,QLOLJBGOVYZWBA-UHFFFAOYSA-N,Fc1c(F)c(F)c(C(F)(F)C(F)(F)C(F)(F)F)c(F)c1F,Fc1c(F)c(F)c(C(F)(F)C(F)(F)C(F)(F)F)c(F)c1F,neutral,12,1,5,1.0,336.075,1.351993121,-1541.1650896146443,-1541.1026201426923,,,10.508574774634383,,,4.454308548291285,,False,Carboxylate
DMSO,ACEKLXZRZOWKRY-UHFFFAOYSA-N,[H]OS(=O)(=O)C(F)(F)C(F)(F)C(F)(F)C(F)(F)C(F)(F)F,O=S(=O)(O)C(F)(F)C(F)(F)C(F)(F)C(F)(F)C(F)(F)F,neutral,11,1,7,1.0,350.1049999999999,3.534405684,-1913.345960117848,-1913.2815253959764,,,13.33058600804706,,,1.1783084554475811,-2.364380725374489,False,Sulphonate
DMSO,DCEPGADSNJKOJK-UHFFFAOYSA-N,O=C(F)C(F)(F)F,O=C(F)C(F)(F)F,neutral,4,1,3,1.0,116.013,0.874830833,-550.8825789068903,-550.8453033073652,,,13.277986398433567,,,1.381071967151316,0.4991985056853347,False,Carboxylate
DMSO,KXSBBDBOZHALEI-UHFFFAOYSA-N,F[C](F)C(F)(F)C(F)(F)C(F)(F)C(F)(F)[C](F)F,F[C](F)C(F)(F)C(F)(F)C(F)(F)C(F)(F)[C](F)F,neutral,12,0,4,1.0,300.0419999999999,0.001046072,-1426.7467110785535,-1426.684791039752,24.892247,24.798469,,,,,,,
DMSO,BFKJFAAPBSQJPD-UHFFFAOYSA-N,FC(F)=C(F)F,FC(F)=C(F)F,neutral,4,0,0,1.0,100.01400000000001,6.619e-06,-475.58023670711697,-475.54565991731727,,,11.387529761766041,,,1.7611891192122937,2.2768828917859074,False,Carboxylate
DMSO,PDCBZHHORLHNCZ-UHFFFAOYSA-N,[H]c1c([H])c(C(F)(F)F)c([H])c([H])c1C(F)(F)F,FC(F)(F)c1ccc(C(F)(F)F)cc1,neutral,6,2,6,0.6,214.10799999999998,0.279073819,-906.3852470780979,-906.3357108097025,,,10.798947477265322,,,3.589789353633549,0.1396314870771057,False,Carboxylate
DMSO,YLCLKCNTDGWDMD-UHFFFAOYSA-N,O=C(F)C(F)(F)C(F)(F)F,O=C(F)C(F)(F)C(F)(F)F,neutral,6,1,4,1.0,166.01999999999998,0.971211989,-788.6946500086858,-788.6509236847485,,,13.000784006745686,,,1.9488680359472124,1.8838365566895277,False,Carboxylate
DMSO,RFYFRYQYXJPKMF-UHFFFAOYSA-N,FC(=C(F)C(F)(F)C(F)(F)F)C(F)(F)C(F)(F)F,FC(=C(F)C(F)(F)C(F)(F)F)C(F)(F)C(F)(F)F,neutral,12,2,8,1.0,300.0419999999999,0.115012277,-1426.865295414358,-1426.8056729550233,,,11.703590013013192,,,4.680050542218515,,False,Carboxylate
DMSO,SYWZQJRYOQITAK-UHFFFAOYSA-N,[H]OS(=O)(=O)C([H])([H])C([H])([H])C(F)(F)C(F)(F)C(F)(F)F,O=S(=O)(O)CCC(F)(F)C(F)(F)C(F)(F)F,neutral,7,1,5,0.6363636363636364,278.1449999999999,3.746501642,-1516.3517369697477,-1516.293242944006,,,13.051750933184422,,,0.4835219230459732,-7.888236013631927,False,Sulphonate
DMSO,PNARBYBREBHBLC-UHFFFAOYSA-N,[H]C([H])([H])C(F)(F)C(F)(F)C(F)(F)C(F)(F)C(F)(F)F,CC(F)(F)C(F)(F)C(F)(F)C(F)(F)C(F)(F)F,neutral,11,1,7,0.7857142857142857,284.0679999999999,3.254170791,-1328.8339578188557,-1328.77545199162,,,13.71089234222099,,,3.907804562678704,,False,Carboxylate
DMSO,KUDOWPKHZOGSHN-UHFFFAOYSA-N,[H]OP(=O)(OC(F)(F)F)OC(F)(F)F,O=P(O)(OC(F)(F)F)OC(F)(F)F,neutral,6,2,6,1.0,233.98799999999994,3.530219367,-1318.3496759842624,-1318.2980520659987,,,13.584821989743327,,,2.078871559058124,-2.816625584279513,False,Phosphate
DMSO,PXUULQAPEKKVAH-UHFFFAOYSA-N,[H]OC(=O)C(F)(F)C(F)(F)C(F)(F)C(F)(F)C(F)(F)F,O=C(O)C(F)(F)C(F)(F)C(F)(F)C(F)(F)C(F)(F)F,neutral,11,1,7,1.0,314.04999999999995,2.895994518,-1478.1077726145325,-1478.0459941197694,,,12.517700266720661,,,3.1043437300465877,-0.4663453961232808,False,Carboxylate
DMSO,CYRMSUTZVYGINF-UHFFFAOYSA-N,FC(Cl)(Cl)Cl,FC(Cl)(Cl)Cl,neutral,1,0,0,1.0,137.368,0.534507186,-1518.4060497840485,-1518.369966222317,,,12.479468269045046,,,2.8957440556285645,0.6042343528749738,False,Carboxylate
DMSO,KRBNWYYINLFKND-UHFFFAOYSA-N,[H]OC(=O)C([H])=C([H])C(F)(F)C(F)(F)C(F)(F)F,O=C(O)C=CC(F)(F)C(F)(F)C(F)(F)F,neutral,7,1,5,0.7777777777777778,240.07399999999996,2.898488264,-1079.879551368206,-1079.824667714238,,,11.22192126507296,,,2.206919430742335,-2.3677271320136297,False,Carboxylate
DMSO,CIOUKPWMVUTXHK-UHFFFAOYSA-N,[H]C([H])([H])C(=O)C([H])([H])C(F)(F)C(F)(F)F,CC(=O)CC(F)(F)C(F)(F)F,neutral,5,1,4,0.5,176.08399999999997,6.122598265,-768.0337547000527,-767.9849920228122,,,11.528756856382719,,,1.81838167376972,-3.718363139962437,False,Carboxylate
DMSO,JMRIJKGIVGYIAD-UHFFFAOYSA-N,[H]C([H])=C(F)C([H])(F)F,C=C(F)C(F)F,neutral,3,0,1,0.5,96.051,4.384805517,-415.64510819862954,-415.6087920535789,,,12.238565866609315,,,1.7136209039034045,-1.1344287958601538,False,Carboxylate
DMSO,RJGUAQKOHAABLK-UHFFFAOYSA-N,[H]OS(=O)(=O)C(F)(F)C(F)(F)OC(F)(F)C(F)(F)F,O=S(=O)(O)C(F)(F)C(F)(F)OC(F)(F)C(F)(F)F,neutral,9,1,6,1.0,316.0969999999999,3.623563953,-1750.7815773782372,-1750.720628655452,,,13.560549433211905,,,0.7435208512052247,,False,Sulphonate
DMSO,NIXHKEAALRVPLN-UHFFFAOYSA-N,[H]C(F)(C([H])(F)C(F)(F)C(F)(F)F)C(F)(F)C(F)(F)F,FC(C(F)C(F)(F)C(F)(F)F)C(F)(F)C(F)(F)F,neutral,12,2,8,0.8571428571428571,302.05799999999994,3.814404206,-1428.0977724917313,-1428.037341612151,,,13.98238034279721,,,3.754952451260023,,False,Carboxylate
DMSO,AGIMOOYNBDLMJV-UHFFFAOYSA-N,[H]OC(=O)C(F)(F)C(F)(F)OC(F)(F)F,O=C(O)C(F)(F)C(F)(F)OC(F)(F)F,neutral,7,1,5,1.0,230.03499999999997,2.847793297,-1077.7321959831831,-1077.680248566652,,,12.73291512054018,,,1.329491417245127,-2.0056032110420534,False,Carboxylate
DMSO,DSQVPQUIYZIKPN-UHFFFAOYSA-N,F[C]=C(F)C(F)(F)[C](F)F,F[C]=C(F)C(F)(F)[C](F)F,neutral,6,0,1,1.0,162.03199999999998,1.355521457,-751.3594539044459,-751.313296628568,24.900164999999998,24.792241,,,,,,,
DMSO,CAUJPRRJLCIWKU-UHFFFAOYSA-N,[H]OS(=O)(=O)C(F)(F)C(F)(C(F)(F)F)C(F)(F)C(F)(F)F,O=S(=O)(O)C(F)(F)C(F)(C(F)(F)F)C(F)(F)C(F)(F)F,neutral,11,2,8,1.0,350.1049999999999,3.542667745,-1913.3481007756236,-1913.2841466416303,,,13.533827851918344,,,1.3135893103918643,,False,Sulphonate
DMSO,WLQOCYJEZSJOFE-UHFFFAOYSA-N,F[C](F)C(F)(F)C(F)(F)C(F)(F)C(F)([C](F)F)C(F)(F)F,F[C](F)C(F)(F)C(F)(F)C(F)(F)C(F)([C](F)F)C(F)(F)F,neutral,14,1,6,1.0,350.0489999999999,1.167208909,-1664.5633460180152,-1664.4958874598508,24.889574000000003,24.805964,,,,,,,
DMSO,KTCODRNGNIXYDE-UHFFFAOYSA-N,[H]N([H])S(=O)(=O)C(F)(F)C(F)(F)C(F)(F)C(F)(F)C(F)(F)F,NS(=O)(=O)C(F)(F)C(F)(F)C(F)(F)C(F)(F)C(F)(F)F,neutral,11,1,7,1.0,349.1209999999999,5.652863758,-1893.4693714403368,-1893.4045700749932,,,12.925190775754333,,,1.328955790433806,,False,Sulphonate
DMSO,XNPBSAGJBTUTKD-UHFFFAOYSA-N,[H]OC(=O)C(F)(F)C(F)(F)C(F)(F)C(F)(F)C(F)(F)C([H])([H])Cl,O=C(O)C(F)(F)C(F)(F)C(F)(F)C(F)(F)C(F)(F)CCl,neutral,10,0,5,0.8333333333333334,344.53200000000004,4.552990812,-1877.69330082817,-1877.6277792071317,,,12.564395005518778,,,3.125313892355821,,False,Carboxylate
DMSO,KOWUGQHZFIJVCW-UHFFFAOYSA-N,[H]OP(=O)(OC(F)(F)C(F)(F)F)OC(F)(F)C(F)(F)F,O=P(O)(OC(F)(F)C(F)(F)F)OC(F)(F)C(F)(F)F,neutral,10,2,8,1.0,334.00199999999995,3.422773906,-1793.9698117031044,-1793.9063041344184,,,13.544630772258001,,,3.7976399673306767,,False,Phosphate
DMSO,YLXKUKZPBUXBRV-UHFFFAOYSA-N,[H]N(C([H])([H])C([H])([H])[H])S(=O)(=O)C(F)(F)C(F)(F)C(F)(F)F,CCNS(=O)(=O)C(F)(F)C(F)(F)C(F)(F)F,neutral,7,1,5,0.5833333333333334,277.16099999999994,6.403565931,-1496.425923607876,-1496.3666962065492,,,12.282376198465357,,,1.3414426773210797,-3.840684231972621,False,Sulphonate
DMSO,WRDBFXLGIKNQFY-UHFFFAOYSA-N,[H]OC(=O)C(F)(F)C(F)(F)C(F)(C(F)(F)F)C(F)(F)F,O=C(O)C(F)(F)C(F)(F)C(F)(C(F)(F)F)C(F)(F)F,neutral,11,2,8,1.0,314.04999999999995,2.7469287,-1478.1121245862182,-1478.0508306471877,,,12.576204747149536,,,2.601094079472984,,False,Carboxylate
DMSO,XIIFQUNTUAQHKS-UHFFFAOYSA-N,[H]OC(=O)C([H])([H])N(C([H])([H])C([H])([H])[H])S(=O)(=O)C(F)(F)C(F)(F)C(F)(F)F,CCN(CC(=O)O)S(=O)(=O)C(F)(F)C(F)(F)C(F)(F)F,neutral,7,1,5,0.5,335.19699999999995,7.4055649,-1724.299152501142,-1724.2317910744541,,,11.840055115036822,,,0.7518739424370807,,False,Sulphonate
DMSO,XALFNZSGFNPWSM-UHFFFAOYSA-N,[H]C([H])(F)C(F)(F)C(F)(F)C(F)(F)F,FCC(F)(F)C(F)(F)C(F)(F)F,neutral,8,1,5,0.8,202.04399999999998,2.943054464,-952.4604762257584,-952.412217314797,,,14.1835541213138,,,3.0642613036115494,0.8545328854020334,False,Carboxylate
DMSO,FADHOJAGVOBODO-UHFFFAOYSA-N,[H]OS(=O)(=O)C(F)(F)C(F)(F)C(F)(F)OC(F)(F)C(F)(F)F,O=S(=O)(O)C(F)(F)C(F)(F)C(F)(F)OC(F)(F)C(F)(F)F,neutral,11,1,7,1.0,366.1039999999999,3.684749852,-1988.590914225652,-1988.5243532239056,,,13.404981938043592,,,1.998825881805976,,False,Sulphonate
DMSO,YBLYWKGTXUNAOC-UHFFFAOYSA-N,[H]C([H])([H])C(=O)C([H])([H])C(F)(F)C(F)(F)C(F)(F)C(F)(F)F,CC(=O)CC(F)(F)C(F)(F)C(F)(F)C(F)(F)F,neutral,9,1,6,0.6428571428571429,276.09799999999996,3.146416346,-1243.650065944172,-1243.5900764792132,,,11.520647863281415,,,2.4034464821611947,-2.0534667151781347,False,Carboxylate
DMSO,SCJDDYJSXILABG-UHFFFAOYSA-N,[H]OS(=O)(=O)C(F)(F)OC(F)(F)C(F)(F)C(F)(F)C(F)(F)F,O=S(=O)(O)C(F)(F)OC(F)(F)C(F)(F)C(F)(F)C(F)(F)F,neutral,11,1,7,1.0,366.1039999999999,3.4731968,-1988.5896060659345,-1988.5233662596988,,,13.66868748215346,,,1.548921050986395,,False,Sulphonate
DMSO,MPAJVPJYAATCNW-UHFFFAOYSA-N,[H]OS(=O)(=O)C(F)(F)C(F)(F)C(F)(F)C(F)(F)OC(F)(F)F,O=S(=O)(O)C(F)(F)C(F)(F)C(F)(F)C(F)(F)OC(F)(F)F,neutral,11,1,7,1.0,366.1039999999999,4.060700784,-1988.5885624307416,-1988.5222655852567,,,13.428655844077602,,,1.1438891842233796,,False,Sulphonate
DMSO,NCUVQJKPUJYKHX-UHFFFAOYSA-N,FC(F)(F)OC(F)(F)C(F)(F)F,FC(F)(F)OC(F)(F)C(F)(F)F,neutral,8,2,7,1.0,204.01599999999996,0.083157886,-988.4208314636413,-988.3734244447545,,,15.233995264567675,,,2.6727828756663814,3.429726946574406,False,Carboxylate
DMSO,LRMSQVBRUNSOJL-UHFFFAOYSA-N,[H]OC(=O)C(F)(F)C(F)(F)F,O=C(O)C(F)(F)C(F)(F)F,neutral,5,1,4,1.0,164.029,2.892805278,-764.6796958228085,-764.6358468135606,,,12.71487397145909,,,1.1696275162964362,-2.6579527902616853,False,Carboxylate
DMSO,HFMSVIJSHKDNIA-UHFFFAOYSA-N,[H]OC(C(F)(F)[C](F)F)(C(F)(F)C(F)(F)[C](F)F)S(=O)(=O)O[H],O=S(=O)(O)C(O)(C(F)(F)[C](F)F)C(F)(F)C(F)(F)[C](F)F,neutral,10,0,3,1.0,360.125,4.659740705,-1927.27879140656,-1927.210058901246,89.15002,89.08714699999999,,,,,,,
DMSO,ZXEIKCCCHZUUIC-UHFFFAOYSA-N,[H]OC(F)(F)C(F)(F)C(F)(F)C(F)(F)C(F)(F)C(F)(F)F,OC(F)(F)C(F)(F)C(F)(F)C(F)(F)C(F)(F)C(F)(F)F,neutral,13,1,8,1.0,336.04699999999997,2.877700574,-1602.583932829731,-1602.5203987134655,,,14.035333700431906,,,3.88260456070169,,False,Carboxylate
DMSO,QOWXQTDFXZPWER-UHFFFAOYSA-N,F[C](F)C(F)(F)C(F)(F)[C](F)F,F[C](F)C(F)(F)C(F)(F)[C](F)F,neutral,8,0,2,1.0,200.02799999999996,0.874408323,-951.1276481370509,-951.0777317251145,24.894537000000003,24.809852,,,,,,,
DMSO,DXYPAJRMJLAAGF-UHFFFAOYSA-N,[H]OS(=O)(=O)C(F)(F)C([H])(F)OC(F)(OC(F)(F)F)C(F)(F)F,O=S(=O)(O)C(F)(F)C(F)OC(F)(OC(F)(F)F)C(F)(F)F,neutral,10,2,7,0.9090909090909091,364.11299999999994,4.214260755,-1964.572424300664,-1964.5057464976744,,,13.340708643730567,,,1.006915416789273,,False,Sulphonate
DMSO,USPWUOFNOTUBAD-UHFFFAOYSA-N,Fc1c(F)c(F)c(C(F)(F)F)c(F)c1F,Fc1c(F)c(F)c(C(F)(F)F)c(F)c1F,neutral,8,1,3,1.0,236.06099999999995,1.354543731,-1065.5439499644187,-1065.4927085896404,,,10.642835754372088,,,2.990615124540333,1.852138929256808,False,Carboxylate
DMSO,YUBDPGKNGXILBQ-UHFFFAOYSA-N,[H]OC(=O)C(F)(F)C(F)(F)C(F)(F)OC(F)(F)C(F)(F)F,O=C(O)C(F)(F)C(F)(F)C(F)(F)OC(F)(F)C(F)(F)F,neutral,11,1,7,1.0,330.049,2.807755037,-1553.3519921902368,-1553.2881767585236,,,12.709295637278663,,,3.4675562251122423,,False,Carboxylate
DMSO,SKRWRXWNQFQGRU-UHFFFAOYSA-N,[H]C([H])([H])C([H])([H])C(F)(F)C(F)(F)C(F)(F)C(F)(F)C(F)(F)C(F)(F)F,CCC(F)(F)C(F)(F)C(F)(F)C(F)(F)C(F)(F)C(F)(F)F,neutral,13,1,8,0.7222222222222222,348.1019999999999,3.465091189,-1605.933175741738,-1605.8659269798763,,,13.46808514274804,,,4.696911422731865,,False,Carboxylate
DMSO,LGPPATCNSOSOQH-UHFFFAOYSA-N,F[C](F)C(F)=C(F)[C](F)F,F[C](F)C(F)=C(F)[C](F)F,neutral,6,0,0,1.0,162.03199999999998,0.00029365,-751.3907680693446,-751.3444290360147,24.870512,24.773148,,,,,,,
DMSO,UVLNQGHDUGHTGV-UHFFFAOYSA-N,[H]OC(=O)C([H])([H])C(F)(F)C(F)(F)F,O=C(O)CC(F)(F)C(F)(F)F,neutral,5,1,4,0.7142857142857143,178.05599999999998,3.991330271,-803.9912767235162,-803.9447534899978,,,12.45748146895829,,,1.2542661296575168,-4.246358013181128,False,Carboxylate
DMSO,PCZBVJHXWDEHIZ-UHFFFAOYSA-N,[H]OC(=O)C(F)(F)C(F)(F)OC(F)(F)C(F)(F)F,O=C(O)C(F)(F)C(F)(F)OC(F)(F)C(F)(F)F,neutral,9,1,6,1.0,280.042,2.85214879,-1315.5401564276792,-1315.4823513376684,,,12.730438884391795,,,3.4374580482500594,,False,Carboxylate
DMSO,ADQRHLTXZPZLHA-UHFFFAOYSA-N,[H]N(C([H])([H])C([H])([H])[H])S(=O)(=O)C(F)(F)F,CCNS(=O)(=O)C(F)(F)F,neutral,3,1,3,0.375,177.14699999999996,6.372864775,-1020.8052316262144,-1020.7578498432898,,,12.297560151990618,,,0.1533833897608633,-5.231774308063351,False,Sulphonate
DMSO,UGZSEVFDTINITD-UHFFFAOYSA-N,[H]OC(=O)C([H])([H])N(C([H])([H])C([H])([H])[H])S(=O)(=O)C(F)(F)C(F)(F)F,CCN(CC(=O)O)S(=O)(=O)C(F)(F)C(F)(F)F,neutral,5,1,4,0.4166666666666667,285.18999999999994,7.378608982,-1486.4905338637643,-1486.428780148845,,,11.818476485743753,,,0.5266694356495151,,False,Sulphonate
DMSO,RGRJUIGTKHAMBM-UHFFFAOYSA-N,[H]C([H])([H])C(F)(F)C(F)(F)C(F)(F)C(F)(F)F,CC(F)(F)C(F)(F)C(F)(F)C(F)(F)F,neutral,9,1,6,0.75,234.06099999999995,3.327964786,-1091.0244632235615,-1090.9718895589515,,,14.037782725194042,,,3.564659531813912,1.905786993300932,False,Carboxylate
DMSO,VOPWNXZWBYDODV-UHFFFAOYSA-N,[H]C(F)(F)Cl,FC(F)Cl,neutral,2,0,1,0.6666666666666666,86.468,2.030987066,-698.572286024621,-698.540376687682,,,13.671707946026768,,,1.756979641204725,-0.5559127590660825,False,Carboxylate
DMSO,JGTNAGYHADQMCM-UHFFFAOYSA-N,[H]OS(=O)(=O)C(F)(F)C(F)(F)C(F)(F)C(F)(F)F,O=S(=O)(O)C(F)(F)C(F)(F)C(F)(F)C(F)(F)F,neutral,9,1,6,1.0,300.0979999999999,3.642259997,-1675.5376133324007,-1675.4787368949712,,,13.359185174991595,,,,,False,Sulphonate
DMSO,XZKOELJOFVHXRS-UHFFFAOYSA-N,FC(F)(F)C(F)(F)C(F)(F)OC(F)(F)C(F)(F)C(F)(F)F,FC(F)(F)C(F)(F)C(F)(F)OC(F)(F)C(F)(F)C(F)(F)F,neutral,14,2,10,1.0,354.037,0.198820459,-1701.851236273432,-1701.7863204655239,,,14.598228436316413,,,4.366626804055441,,False,Carboxylate
DMSO,OYQPFWFQTWYFRR-UHFFFAOYSA-N,[H]OC(=O)C([H])=C([H])C(F)(F)C(F)(F)C(F)(F)C(F)(F)F,O=C(O)C=CC(F)(F)C(F)(F)C(F)(F)C(F)(F)F,neutral,9,1,6,0.8181818181818182,290.08099999999996,2.995831199,-1317.687727050479,-1317.6272796598669,,,11.211363247209515,,,2.5046098784578343,,False,Carboxylate
DMSO,XKPFLKWPESVZJF-UHFFFAOYSA-N,[H]OS(=O)(=O)C([H])([H])C([H])([H])C(F)(F)F,O=S(=O)(O)CCC(F)(F)F,neutral,3,1,3,0.42857142857142855,178.13099999999997,3.869769702,-1040.7315302211937,-1040.6848383875192,,,13.086744775896761,,,-0.7119977053908914,-9.535352635642138,False,Sulphonate
DMSO,RKIMETXDACNTIE-UHFFFAOYSA-N,FC1(F)C(F)(F)C(F)(F)C(F)(F)C(F)(F)C1(F)F,FC1(F)C(F)(F)C(F)(F)C(F)(F)C(F)(F)C1(F)F,neutral,12,0,6,1.0,300.0419999999999,0.000725202,-1426.8810198813346,-1426.824415990449,,,14.043442693533207,,,3.8714865080306655,4.906874748462723,False,Carboxylate
DMSO,NPOAVCPGPRUNOX-UHFFFAOYSA-N,[H]OC([H])([H])C([H])([H])C(F)(F)C(F)(F)C(F)(F)C(F)(F)C(F)(F)F,OCCC(F)(F)C(F)(F)C(F)(F)C(F)(F)C(F)(F)F,neutral,11,1,7,0.7333333333333333,314.09399999999994,2.532222767,-1443.3471839798372,-1443.2829859192116,,,12.168469335639651,,,3.572311366677552,,False,Carboxylate
DMSO,PBWZKZYHONABLN-UHFFFAOYSA-N,[H]OC(=O)C([H])(F)F,O=C(O)C(F)F,neutral,2,0,1,0.6666666666666666,96.03200000000001,3.382685855,-427.5981997230571,-427.56239642797976,,,12.561782712439163,,,0.1545798919942149,-5.456306480439964,False,Carboxylate
DMSO,NLAGAXIWWHZGCK-UHFFFAOYSA-N,[H]OC(=O)C([H])([H])C(F)(F)C(F)(F)C(F)(F)F,O=C(O)CC(F)(F)C(F)(F)C(F)(F)F,neutral,7,1,5,0.7777777777777778,228.06299999999996,2.567988857,-1041.8007648978507,-1041.7482730488111,,,12.457182143709584,,,1.7821423699019725,-4.271106493831969,False,Carboxylate
DMSO,GTLACDSXYULKMZ-UHFFFAOYSA-N,[H]C(F)(F)C(F)(F)F,FC(F)C(F)(F)F,neutral,5,1,4,0.8333333333333334,120.02000000000001,2.249943283,-576.1018834658037,-576.0642976259256,,,14.59058203678129,,,1.982215194280144,0.0788078284083847,False,Carboxylate
DMSO,HDBGBTNNPRCVND-UHFFFAOYSA-N,[H]OC([H])([H])C([H])([H])C(F)(F)F,OCCC(F)(F)F,neutral,3,1,3,0.42857142857142855,114.06600000000002,2.101235956,-492.1080053268492,-492.0686451292606,,,12.300498981705186,,,1.0679109885768447,-4.308197352620371,False,Carboxylate
DMSO,PWMJXZJISGDARB-UHFFFAOYSA-N,FC1(F)C(F)(F)C(F)(F)C(F)(F)C1(F)F,FC1(F)C(F)(F)C(F)(F)C(F)(F)C1(F)F,neutral,10,0,5,1.0,250.03499999999994,0.011164418,-1189.0641501014627,-1189.0133947569545,,,13.77111113998336,,,3.3897082401756067,3.1212947531979727,False,Carboxylate
DMSO,KDHKNZMUAYFSHV-UHFFFAOYSA-N,[H]OC(=O)C([H])([H])C(F)(F)C(F)(F)C(F)(F)C(F)(F)C(F)(F)F,O=C(O)CC(F)(F)C(F)(F)C(F)(F)C(F)(F)C(F)(F)F,neutral,11,1,7,0.8461538461538461,328.07699999999994,4.726154696,-1517.4197471514997,-1517.3553630717788,,,12.40768463212813,,,2.7486519487458096,,False,Carboxylate
DMSO,RXPGWFYNBOAYKD-UHFFFAOYSA-N,[H]OC(=O)C([H])([H])N(C([H])([H])C([H])([H])[H])S(=O)(=O)C(F)(F)F,CCN(CC(=O)O)S(=O)(=O)C(F)(F)F,neutral,3,1,3,0.3,235.18299999999996,7.495842019,-1248.679605725731,-1248.623704107846,,,11.792081441085145,,,0.0459912693157064,-8.22703985511702,False,Sulphonate
DMSO,IRTFYNWQADJCSC-UHFFFAOYSA-N,[H]OC(F)(F)C(F)(F)C(F)(F)C(F)(F)C(F)(F)F,OC(F)(F)C(F)(F)C(F)(F)C(F)(F)C(F)(F)F,neutral,11,1,7,1.0,286.03999999999996,2.738689009,-1364.7748945883493,-1364.7170408015563,,,14.245296756705947,,,3.2607565367862863,,False,Carboxylate
DMSO,UNBXLINXSUCFBI-UHFFFAOYSA-N,[H]C(=O)C([H])([H])C(F)(F)C(F)(F)F,O=CCC(F)(F)C(F)(F)F,neutral,5,1,4,0.625,162.057,5.382648792,-728.7283513017394,-728.6831421268904,,,11.744053344360978,,,1.5633587324850866,-2.770547909137857,False,Carboxylate
DMSO,IJOCNCZJDBTBIP-UHFFFAOYSA-N,[H]N(C([H])([H])[H])S(=O)(=O)C(F)(F)F,CNS(=O)(=O)C(F)(F)F,neutral,3,1,3,0.5,163.11999999999998,6.16990908,-981.5112896438231,-981.466466784903,,,12.372718000802038,,,-0.3124381759212445,-5.0992570575046,False,Sulphonate
DMSO,CSCYIGPJZPXESS-UHFFFAOYSA-N,[H]OC(=O)C(F)(F)OC(F)(F)C(F)(F)F,O=C(O)C(F)(F)OC(F)(F)C(F)(F)F,neutral,7,1,5,1.0,230.03499999999997,2.821606015,-1077.73141353845,-1077.6794172893442,,,12.880836216173371,,,1.6100244982382694,-1.7189073286130718,False,Carboxylate
DMSO,YSRVDLQDMZJEDO-UHFFFAOYSA-N,[H]OP(=O)(C(F)(F)C(F)(F)F)C(F)(F)C(F)(F)F,O=P(O)(C(F)(F)C(F)(F)F)C(F)(F)C(F)(F)F,neutral,10,2,8,1.0,302.00399999999996,3.425103685,-1643.4164032181313,-1643.35580372446,,,12.866060433441799,,,3.0145098262103938,,False,Phosphate
DMSO,CDOOAUSHHFGWSA-UHFFFAOYSA-N,[H]C(F)=C([H])C(F)(F)F,FC=CC(F)(F)F,neutral,4,1,3,0.6666666666666666,114.04100000000001,1.531267281,-514.9208009929878,-514.8826038855722,,,12.433100066881885,,,1.9973495473071503,0.1387638954903787,False,Carboxylate
DMSO,UUAGAQFQZIEFAH-UHFFFAOYSA-N,FC(F)=C(F)Cl,FC(F)=C(F)Cl,neutral,3,0,0,1.0,116.46900000000001,0.512758334,-835.8821020804254,-835.8456683622853,,,11.158545946506052,,,2.200556339409792,2.239203968292129,False,Carboxylate
DMSO,YJDMCDWHXOSSHI-UHFFFAOYSA-N,[H]OC(=O)C(F)(C(F)(F)F)C(F)(F)F,O=C(O)C(F)(C(F)(F)F)C(F)(F)F,neutral,7,2,6,1.0,214.03599999999997,3.092657678,-1002.4998050277012,-1002.4500430509078,,,13.126582245360888,,,1.7253516806163676,-2.069734770135997,False,Carboxylate
DMSO,GVIXZDGQTOWUQT-UHFFFAOYSA-N,[H]O[C](C(F)(F)C(F)(F)C(F)(F)C(F)(F)[C](F)F)S(=O)(=O)O[H],O=S(=O)(O)[C](O)C(F)(F)C(F)(F)C(F)(F)C(F)(F)[C](F)F,neutral,10,0,4,1.0,360.125,2.62250842,-1927.3086443460927,-1927.2395494677385,89.154099,89.07412,,,,,,,
DMSO,CZTBTZZANBJSLY-UHFFFAOYSA-N,[H]OC(=O)C(F)(F)C(F)(F)C(F)(F)OC(F)(F)F,O=C(O)C(F)(F)C(F)(F)C(F)(F)OC(F)(F)F,neutral,9,1,6,1.0,280.042,2.789746154,-1315.541002025563,-1315.4831911508672,,,12.716479443247604,,,1.965529225202484,,False,Carboxylate
DMSO,BYGWMJZIFWPRGB-UHFFFAOYSA-N,[H]C([H])(F)C(F)(F)C(F)(F)C(F)(F)C(F)(F)C(F)(F)F,FCC(F)(F)C(F)(F)C(F)(F)C(F)(F)C(F)(F)F,neutral,12,1,7,0.8571428571428571,302.05799999999994,2.793371859,-1428.0789001437308,-1428.018377405478,,,13.9878770428189,,,4.2196464583506295,,False,Carboxylate
DMSO,PBWHQPOHADDEFU-UHFFFAOYSA-N,FC(F)=C(F)C(F)(F)C(F)(F)C(F)(F)F,FC(F)=C(F)C(F)(F)C(F)(F)C(F)(F)F,neutral,10,1,5,1.0,250.03499999999994,1.411788519,-1189.0381925118115,-1188.9842919479358,,,11.959431466497971,,,3.452284260854979,3.83844064974552,False,Carboxylate
DMSO,CDAVUOSPHHTNBU-UHFFFAOYSA-N,FC(F)=C(F)C(F)(F)C(F)(F)C(F)(F)C(F)(F)C(F)(F)F,FC(F)=C(F)C(F)(F)C(F)(F)C(F)(F)C(F)(F)C(F)(F)F,neutral,14,1,7,1.0,350.0489999999999,1.521889538,-1664.6555217171483,-1664.5902372057287,,,11.961581166011404,,,4.655714990517796,,False,Carboxylate
DMSO,QXJCOPITNGTALI-UHFFFAOYSA-N,[H]OC(F)(F)C(F)(F)C(F)(F)C(F)(F)F,OC(F)(F)C(F)(F)C(F)(F)C(F)(F)F,neutral,9,1,6,1.0,236.03299999999996,2.604282642,-1126.9664511858157,-1126.914437726782,,,14.260208596368749,,,2.6456074352955343,-0.436022757800674,False,Carboxylate
DMSO,WXFBZGUXZMEPIR-UHFFFAOYSA-N,[H]C(F)(F)C(F)(F)C(F)(F)C(F)(F)C(F)(F)F,FC(F)C(F)(F)C(F)(F)C(F)(F)C(F)(F)F,neutral,11,1,7,0.9166666666666666,270.04099999999994,2.294936362,-1289.5302788007496,-1289.4743257225439,,,14.161349630137074,,,3.5392681847514607,2.2681112206383096,False,Carboxylate
DMSO,JFIQYUFQLKYFPJ-UHFFFAOYSA-N,[H]OC(=O)C(F)(OC(F)(F)F)C(F)(F)F,O=C(O)C(F)(OC(F)(F)F)C(F)(F)F,neutral,7,2,6,1.0,230.03499999999997,2.971084382,-1077.7356573365585,-1077.683751793439,,,12.76513340185543,,,1.5872182286620689,-1.785042150614964,False,Carboxylate
DMSO,WMIYKQLTONQJES-UHFFFAOYSA-N,FC(F)(F)C(F)(F)F,FC(F)(F)C(F)(F)F,neutral,6,2,6,1.0,138.01000000000002,1.7087e-05,-675.368518574453,-675.3294602919536,,,15.425345732649463,,,2.2935524323113987,2.5167222405005005,False,Carboxylate
DMSO,YBMDPYAEZDJWNY-UHFFFAOYSA-N,FC1=C(F)C(F)(F)C(F)(F)C1(F)F,FC1=C(F)C(F)(F)C(F)(F)C1(F)F,neutral,8,0,3,1.0,212.03899999999996,1.463014171,-989.3320455089978,-989.284481970665,,,12.391575491470507,,,3.0357039389674823,1.681348047649207,False,Carboxylate
DMSO,URBDAVCMARSFNX-UHFFFAOYSA-N,F[C](F)C(F)=C(F)C(F)(F)C(F)(F)[C](F)F,F[C](F)C(F)=C(F)C(F)(F)C(F)(F)[C](F)F,neutral,10,0,2,1.0,262.04599999999994,1.983397763,-1227.0205237128173,-1226.9621019662616,24.887633,24.805464999999998,,,,,,,
DMSO,XBWQFDNGNOOMDZ-UHFFFAOYSA-N,[H]OS(=O)(=O)C(F)(F)C(F)(F)C(F)(F)F,O=S(=O)(O)C(F)(F)C(F)(F)C(F)(F)F,neutral,7,1,5,1.0,250.09099999999992,3.690932141,-1437.7285790696603,-1437.675584487985,,,13.423785005939568,,,0.2128014257524298,-3.605942575691509,False,Sulphonate
DMSO,SQONXERJDSMNNZ-UHFFFAOYSA-N,[H]OP(=O)(C(F)(F)F)C(F)(F)F,O=P(O)(C(F)(F)F)C(F)(F)F,neutral,6,2,6,1.0,201.98999999999998,3.500397528,-1167.7952218749397,-1167.7462378057924,,,13.008729731529515,,,1.7550938550880832,-3.831139319730747,False,Phosphate
DMSO,JDWGPDRDUUNFIB-UHFFFAOYSA-N,[H]OS(=O)(=O)C(F)(C(F)(F)F)C(F)(F)C(F)(F)C(F)(F)F,O=S(=O)(O)C(F)(C(F)(F)F)C(F)(F)C(F)(F)C(F)(F)F,neutral,11,2,8,1.0,350.1049999999999,3.531363632,-1913.3517721086944,-1913.287631581884,,,13.443268358491697,,,0.9277803222128632,,False,Sulphonate
DMSO,WZEOZJQLTRFNCU-UHFFFAOYSA-N,FC(F)(F)OC(F)(F)F,FC(F)(F)OC(F)(F)F,neutral,6,2,6,1.0,154.009,0.013383871,-750.6094548708293,-750.5684927280751,,,15.451604720376842,,,1.9444455897656905,2.7139045882646875,False,Carboxylate
DMSO,RUWAFPLNUJKITJ-UHFFFAOYSA-N,[H]OC(=O)C(F)(F)C(F)(F)C(F)(F)C(F)(F)OC(F)(F)F,O=C(O)C(F)(F)C(F)(F)C(F)(F)C(F)(F)OC(F)(F)F,neutral,11,1,7,1.0,330.049,2.797681767,-1553.349798170797,-1553.2862689196509,,,12.697159359012954,,,2.8537434697980344,,False,Carboxylate
DMSO,PMNVMTIBUIRJHZ-UHFFFAOYSA-N,[H]OC(=O)C([H])([H])C(F)(F)C(F)(F)C(F)(F)C(F)(F)F,O=C(O)CC(F)(F)C(F)(F)C(F)(F)C(F)(F)F,neutral,9,1,6,0.8181818181818182,278.06999999999994,4.494938332,-1279.6113135820938,-1279.5526999426163,,,12.411031632636389,,,2.415211890406117,-3.2453712904429954,False,Carboxylate
DMSO,QZBAYURFHCTXOJ-UHFFFAOYSA-N,[H]OC(=O)C([H])=C([H])C(F)(F)F,O=C(O)C=CC(F)(F)F,neutral,3,1,3,0.6,140.06,2.574916098,-604.257964398774,-604.2148874416785,,,11.318140726838772,,,1.042131077574536,-3.868755577602649,False,Carboxylate
DMSO,YPDPPLGJIXBIMW-UHFFFAOYSA-N,[H]OS(=O)(=O)C(F)(F)OC(F)(F)OC(F)(F)C(F)(F)F,O=S(=O)(O)C(F)(F)OC(F)(F)OC(F)(F)C(F)(F)F,neutral,9,1,6,1.0,332.09599999999995,3.727673027,-1826.0227047672713,-1825.9600832827252,,,13.710674651131022,,,0.4373869232630495,,False,Sulphonate
DMSO,YHBLMQUQIHYSRV-UHFFFAOYSA-N,[H]OS(=O)(=O)C(F)(F)OC(F)(F)F,O=S(=O)(O)C(F)(F)OC(F)(F)F,neutral,5,1,4,1.0,216.08299999999994,3.625102148,-1275.160620665928,-1275.111651900924,,,13.708769854093802,,,-0.7610788746813426,-4.507131319194507,False,Sulphonate
DMSO,QIROQPWSJUXOJC-UHFFFAOYSA-N,FC(F)(F)C1(F)C(F)(F)C(F)(F)C(F)(F)C(F)(F)C1(F)F,FC(F)(F)C1(F)C(F)(F)C(F)(F)C(F)(F)C(F)(F)C1(F)F,neutral,14,1,8,1.0,350.0489999999999,0.274405627,-1664.6968877687348,-1664.6350189686739,,,14.039796367776246,,,4.265761411425225,,False,Carboxylate
DMSO,FNUBKINEQIEODM-UHFFFAOYSA-N,[H]C(=O)C([H])([H])C(F)(F)C(F)(F)C(F)(F)F,O=CCC(F)(F)C(F)(F)C(F)(F)F,neutral,7,1,5,0.7,212.06399999999996,5.176895846,-966.5379411625984,-966.4865220676096,,,11.736869538392035,,,1.7813502002988069,-1.9626807637135624,False,Carboxylate
DMSO,PRYVISBVTXTQOO-UHFFFAOYSA-N,[H]OP(=O)(O[H])OC(F)(F)C(F)(F)F,O=P(O)(O)OC(F)(F)C(F)(F)F,neutral,5,1,4,1.0,215.99799999999996,3.150133284,-1219.0849429127788,-1219.0339591483416,,,13.048240664358689,,,1.506855003055089,-6.977142109501833,False,Phosphate
DMSO,IHYMJUVQLSNPPP-UHFFFAOYSA-N,[H]OC(=O)C(F)(F)OC(F)(F)F,O=C(O)C(F)(F)OC(F)(F)F,neutral,5,1,4,1.0,180.028,2.816927752,-839.9198785065273,-839.8741627011815,,,12.886468973126291,,,0.6360482826170754,-2.720830937632974,False,Carboxylate
DMSO,XLWUDBRTNPGWDQ-UHFFFAOYSA-N,[H]OP(=O)(O[H])C(F)(F)C(F)(F)F,O=P(O)(O)C(F)(F)C(F)(F)F,neutral,5,1,4,1.0,199.99899999999997,1.745262273,-1143.8112027451327,-1143.7622959914993,,,12.909979610842823,,,1.5232459299760397,-6.8409161843368205,False,Phosphate
DMSO,BVYZEFGWAUUMDL-UHFFFAOYSA-N,[H]N(C([H])([H])[H])S(=O)(=O)C(F)(F)C(F)(F)C(F)(F)F,CNS(=O)(=O)C(F)(F)C(F)(F)C(F)(F)F,neutral,7,1,5,0.7,263.13399999999996,6.198778728,-1457.1321791381886,-1457.075226757707,,,12.343166435338894,,,0.858684191367913,-3.709435189444283,False,Sulphonate
DMSO,LREYALPNJOYGJE-UHFFFAOYSA-N,[H]OS(=O)(=O)C1(F)C(F)(F)C(F)(F)C(F)(F)C1(F)F,O=S(=O)(O)C1(F)C(F)(F)C(F)(F)C(F)(F)C1(F)F,neutral,9,0,4,1.0,312.1089999999999,3.461609628,-1713.62442467531,-1713.5663877773302,,,12.971395709600019,,,0.7936499133047411,,False,Sulphonate
DMSO,VXSYIYDVTQFDED-UHFFFAOYSA-N,[H]OS(=O)(=O)[C](F)C(F)(F)C(F)(F)C(F)(F)[C](F)F,O=S(=O)(O)[C](F)C(F)(F)C(F)(F)C(F)(F)[C](F)F,neutral,9,0,3,1.0,312.1089999999999,3.543044555,-1713.5072704492104,-1713.4436976709555,89.159295,89.055285,,,,,,,
DMSO,KAKQVSNHTBLJCH-UHFFFAOYSA-N,[H]N([H])S(=O)(=O)C(F)(F)F,NS(=O)(=O)C(F)(F)F,neutral,3,1,3,1.0,149.093,5.668679302,-942.2301386025897,-942.1891241141344,,,13.24296534433498,,,-1.0009995786725048,-6.448871267694088,False,Sulphonate
DMSO,ROTSWXZIBBJEPH-UHFFFAOYSA-N,[H]OC([H])([H])C([H])([H])C(F)(F)C(F)(F)C(F)(F)F,OCCC(F)(F)C(F)(F)C(F)(F)F,neutral,7,1,5,0.6363636363636364,214.07999999999998,4.699898814,-967.7280578064915,-967.6759409916264,,,12.113801660671461,,,2.296505956081353,-2.176645957381277,False,Carboxylate
DMSO,LJTUHCJGGCJGFB-UHFFFAOYSA-N,[H]OP(=O)(O[H])OC(F)(F)C(F)(F)C(F)(F)C(F)(F)F,O=P(O)(O)OC(F)(F)C(F)(F)C(F)(F)C(F)(F)F,neutral,9,1,6,1.0,316.01199999999994,1.886555686,-1694.7018588205808,-1694.6397200629697,,,13.069275065926838,,,3.269247802386968,,False,Phosphate
DMSO,RUFSXELMOQBMOF-UHFFFAOYSA-N,O=C(F)C(F)(F)C(F)(F)C(F)(F)C(F)(F)F,O=C(F)C(F)(F)C(F)(F)C(F)(F)C(F)(F)F,neutral,10,1,6,1.0,266.03399999999993,1.155407423,-1264.3132793679708,-1264.257462419251,,,12.886577818671276,,,2.8405425388895744,3.0926887016667304,False,Carboxylate
DMSO,BMFPHHLKGOOCHE-UHFFFAOYSA-N,Fc1c(F)c(F)c(C(F)(F)C(F)(F)F)c(F)c1F,Fc1c(F)c(F)c(C(F)(F)C(F)(F)F)c(F)c1F,neutral,10,1,4,1.0,286.0679999999999,1.403748121,-1303.355569214557,-1303.2987637311064,,,10.554425960458873,,,3.839810534637909,2.6638871462317035,False,Carboxylate
DMSO,WBXAHKZHOCTGLP-UHFFFAOYSA-N,[H]OC(F)(F)C(F)(F)C(F)(F)F,OC(F)(F)C(F)(F)C(F)(F)F,neutral,7,1,5,1.0,186.02599999999998,2.704637573,-889.1570075989378,-889.1110370082112,,,14.608922511111086,,,2.168383792768781,-1.0605478076376935,False,Carboxylate
DMSO,UGMLUHQLUFIGNF-UHFFFAOYSA-N,[H]OC(=O)C([H])=C([H])C(F)(F)C(F)(F)C(F)(F)C(F)(F)C(F)(F)F,O=C(O)C=CC(F)(F)C(F)(F)C(F)(F)C(F)(F)C(F)(F)F,neutral,11,1,7,0.8461538461538461,340.08799999999997,2.604412884,-1555.4969057645408,-1555.4306083228694,,,11.178927274804298,,,3.1429470936545942,,False,Carboxylate
DMSO,RFCAUADVODFSLZ-UHFFFAOYSA-N,FC(F)(F)C(F)(F)Cl,FC(F)(F)C(F)(F)Cl,neutral,5,1,4,1.0,154.46500000000003,0.615427375,-1035.6527379772417,-1035.6125517612336,,,14.015687079562301,,,2.7049779462816845,2.6102409521359657,False,Carboxylate
DMSO,RWRIWBAIICGTTQ-UHFFFAOYSA-N,[H]C([H])(F)F,FCF,neutral,2,0,1,0.5,52.022999999999996,2.581271651,-239.01093199872085,-238.9822513576162,,,14.249568944346567,,,1.0685190269383371,-1.3131839529263378,False,Carboxylate
DMSO,JPMHUDBOKDBBLG-UHFFFAOYSA-N,[H]OC([H])([H])C([H])([H])C(F)(F)C(F)(F)F,OCCC(F)(F)C(F)(F)F,neutral,5,1,4,0.5555555555555556,164.073,4.530827431,-729.9190285606104,-729.8730330338035,,,12.133665972631034,,,1.538094157738562,-3.388324349544426,False,Carboxylate
DMSO,SNHPHIVOTMMDRF-UHFFFAOYSA-N,[H]OS(=O)(=O)C(F)(C(F)(F)F)C(F)(F)F,O=S(=O)(O)C(F)(C(F)(F)F)C(F)(F)F,neutral,7,2,6,1.0,250.09099999999992,3.583121189,-1437.736163665001,-1437.6836358580613,,,13.681667313392799,,,0.3336341357268325,-3.448683216035909,False,Sulphonate
DMSO,NVSXSBBVEDNGPY-UHFFFAOYSA-N,[H]C([H])([H])C([H])([H])C(F)(F)C(F)(F)F,CCC(F)(F)C(F)(F)F,neutral,5,1,4,0.5,148.07399999999998,3.333455654,-654.6964505275465,-654.6527475929397,,,13.971305308595094,,,2.8232441415863367,0.7190918521198514,False,Carboxylate
DMSO,FXKAFEFAPQFHKH-UHFFFAOYSA-N,[H]OC(=O)C([H])([H])N(C([H])([H])[H])S(=O)(=O)C(F)(F)C(F)(F)F,CN(CC(=O)O)S(=O)(=O)C(F)(F)C(F)(F)F,neutral,5,1,4,0.5,271.16299999999995,7.018228773,-1447.197709127608,-1447.1380599474192,,,11.83763330166093,,,0.1783186286704917,-7.444888297105583,False,Sulphonate
DMSO,QONJFKZKPBYFFA-UHFFFAOYSA-N,[H]OS(=O)(=O)C(F)(F)C(F)(F)C(F)(C(F)(F)F)C(F)(F)F,O=S(=O)(O)C(F)(F)C(F)(F)C(F)(C(F)(F)F)C(F)(F)F,neutral,11,2,8,1.0,350.1049999999999,3.542021403,-1913.3505408696376,-1913.286482247869,,,13.433989275781814,,,0.9898791402827852,,False,Sulphonate
DMSO,GFZPUWKGPNHWHD-UHFFFAOYSA-N,[H]N(C([H])([H])[H])S(=O)(=O)C(F)(F)C(F)(F)C(F)(F)C(F)(F)F,CNS(=O)(=O)C(F)(F)C(F)(F)C(F)(F)C(F)(F)F,neutral,9,1,6,0.75,313.1409999999999,6.411785994,-1694.9405222559844,-1694.8779230780963,,,12.343683451677569,,,1.1692155192358211,,False,Sulphonate
DMSO,ZZIVMEZYOKGBJO-UHFFFAOYSA-N,[H]OC(=O)C(F)(F)OC(F)(F)C(F)(F)C(F)(F)C(F)(F)F,O=C(O)C(F)(F)OC(F)(F)C(F)(F)C(F)(F)C(F)(F)F,neutral,11,1,7,1.0,330.049,3.123652218,-1553.3487743344913,-1553.2854147316468,,,12.844672283852454,,,2.7751605931586343,,False,Carboxylate
DMSO,NQQJVQOTNMTVOX-UHFFFAOYSA-N,F[C](F)C(F)(F)C(F)(F)C(F)(F)[C](F)F,F[C](F)C(F)(F)C(F)(F)C(F)(F)[C](F)F,neutral,10,0,3,1.0,250.03499999999994,0.693055615,-1188.937683929755,-1188.8815965836134,24.893451,24.8091,,,,,,,
DMSO,ZQTIKDIHRRLSRV-UHFFFAOYSA-N,[H]C(F)(F)C(F)(F)C(F)(F)C(F)(F)F,FC(F)C(F)(F)C(F)(F)C(F)(F)F,neutral,9,1,6,0.9,220.03399999999996,2.185760476,-1051.7216940400604,-1051.671476069144,,,14.08752513925171,,,2.8384420899549867,1.1576111101695312,False,Carboxylate
DMSO,HRGUTPUQCCHFHT-UHFFFAOYSA-N,[H]OC(=O)C(F)(F)OC(F)(F)C(F)(F)C(F)(F)F,O=C(O)C(F)(F)OC(F)(F)C(F)(F)C(F)(F)F,neutral,9,1,6,1.0,280.042,2.923657784,-1315.541027133111,-1315.4831715985324,,,12.886468973126291,,,2.2526506887696938,,False,Carboxylate
DMSO,QVHWOZCZUNPZPW-UHFFFAOYSA-N,FC1=C(F)C(F)(F)C1(F)F,FC1=C(F)C(F)(F)C1(F)F,neutral,6,0,2,1.0,162.03199999999998,1.993304018,-751.492764567022,-751.4502847701318,,,12.294512476731068,,,2.5033052600238004,1.157454643861647,False,Carboxylate
DMSO,YBVRDNKKIWCSHJ-UHFFFAOYSA-N,FC(F)(F)C(F)(F)OC(F)(F)C(F)(F)C(F)(F)F,FC(F)(F)C(F)(F)OC(F)(F)C(F)(F)C(F)(F)F,neutral,12,2,9,1.0,304.03,0.236794594,-1464.0412963245535,-1463.9819093947278,,,14.685141603986096,,,4.191012827720965,,False,Carboxylate
DMSO,ORNGPPZBMMHKPM-UHFFFAOYSA-N,FC(F)(F)C(F)(F)OC(F)(F)C(F)(F)F,FC(F)(F)C(F)(F)OC(F)(F)C(F)(F)F,neutral,10,2,8,1.0,254.02299999999997,0.054310314,-1226.2320152435668,-1226.1783329203129,,,14.952602319397915,,,3.3717211233040127,4.129756598899576,False,Carboxylate
DMSO,NVBJAOSFGHCYEU-UHFFFAOYSA-N,[H]OP(=O)(O[H])OC(F)(F)C(F)(F)C(F)(F)F,O=P(O)(O)OC(F)(F)C(F)(F)C(F)(F)F,neutral,7,1,5,1.0,266.00499999999994,4.022240273,-1456.8948049336027,-1456.837988384029,,,13.032240369246047,,,1.8903467073383,-6.245389788245895,False,Phosphate
DMSO,DTQVDTLACAAQTR-UHFFFAOYSA-N,[H]OC(=O)C(F)(F)F,O=C(O)C(F)(F)F,neutral,3,1,3,1.0,114.02200000000002,2.757561913,-526.8676223223761,-526.8302165145602,,,12.999423437433386,,,0.5165029427556024,-3.2246293201323293,False,Carboxylate
DMSO,CGDXUTMWWHKMOE-UHFFFAOYSA-N,[H]OS(=O)(=O)C([H])(F)F,O=S(=O)(O)C(F)F,neutral,2,0,1,0.6666666666666666,132.087,3.014043614,-862.8434120606861,-862.8042794164394,,,13.311102655494933,,,-1.7374399671389074,-7.837529264789624,False,Sulphonate
DMSO,ZFFLXJVVPHACEG-UHFFFAOYSA-N,FC1=C(F)C(F)(F)C(F)(F)C(F)(F)C1(F)F,FC1=C(F)C(F)(F)C(F)(F)C(F)(F)C1(F)F,neutral,10,0,4,1.0,262.04599999999994,0.924017545,-1227.1443520315997,-1227.0911511479735,,,12.053038635184171,,,3.560883472457373,3.196721597391159,False,Carboxylate
DMSO,LGQLPZYQUBVEBF-UHFFFAOYSA-N,[H]C(F)(C(F)(F)C(F)(F)F)C(F)(F)C(F)(F)F,FC(C(F)(F)C(F)(F)F)C(F)(F)C(F)(F)F,neutral,11,2,8,0.9166666666666666,270.04099999999994,2.232138441,-1289.5440161483111,-1289.487994199005,,,14.140587342431386,,,3.997915684507202,2.0477636516842117,False,Carboxylate
DMSO,JZJXEBUWIKKBCI-UHFFFAOYSA-N,[H]OC(=O)C(F)(F)C(F)(F)OC(F)(F)C(F)(F)OC(F)(F)F,O=C(O)C(F)(F)C(F)(F)OC(F)(F)C(F)(F)OC(F)(F)F,neutral,11,1,7,1.0,346.048,2.927625311,-1628.592886894944,-1628.5278051903401,,,12.7677184835488,,,1.2296979214211647,,False,Carboxylate
DMSO,XNPUIKGMNMTLOL-UHFFFAOYSA-N,[H]C([H])([H])OC(=O)C([H])([H])C([H])([H])C(F)(F)C(F)(F)C(F)(F)C(F)(F)F,COC(=O)CCC(F)(F)C(F)(F)C(F)(F)C(F)(F)F,neutral,9,1,6,0.5625,306.12399999999997,3.794069638,-1358.1846872553524,-1358.1195819211532,,,12.129339362217921,,,3.5562145986468545,,False,Carboxylate
DMSO,NMFFOURLZOHACT-UHFFFAOYSA-N,[H]C([H])([H])OC(=O)C(F)(F)OC(F)(F)C(F)(F)C(F)(F)F,COC(=O)C(F)(F)OC(F)(F)C(F)(F)C(F)(F)F,neutral,9,1,6,0.75,294.06899999999996,3.878062417,-1354.818503190177,-1354.7568707154712,,,12.881053907263338,,,3.4805695729999666,1.902746119790469,False,Carboxylate
DMSO,PHYUPJDVBMIYFO-UHFFFAOYSA-N,[H]C([H])([H])OC(=O)C(F)(OC(F)(F)F)C(F)(F)F,COC(=O)C(F)(OC(F)(F)F)C(F)(F)F,neutral,7,2,6,0.7,244.06199999999995,4.092379077,-1117.0136302817732,-1116.9581788873857,,,12.764289848881806,,,2.1917793640887124,0.6176208895713757,False,Carboxylate
DMSO,XPDWGBQVDMORPB-UHFFFAOYSA-N,[H]C(F)(F)F,FC(F)F,neutral,3,1,3,0.75,70.013,2.180548532,-338.28838533488414,-338.2578387202767,,,15.606682410592727,,,1.2742860804858966,-0.3746035579791325,False,Carboxylate
DMSO,MPQDGDVBZJSJIA-UHFFFAOYSA-N,[H]OC(=O)C(F)(F)C(F)(F)OC(F)(F)C(F)(F)C(F)(F)F,O=C(O)C(F)(F)C(F)(F)OC(F)(F)C(F)(F)C(F)(F)F,neutral,11,1,7,1.0,330.049,2.938040555,-1553.3526486075048,-1553.2889710602678,,,12.748724935949099,,,2.81382830325598,,False,Carboxylate
DMSO,POGJNMOVQNQIGY-UHFFFAOYSA-N,[H]OS(=O)(=O)C([H])([H])C([H])([H])C(F)(F)C(F)(F)F,O=S(=O)(O)CCC(F)(F)C(F)(F)F,neutral,5,1,4,0.5555555555555556,228.13799999999995,3.693067637,-1278.5426939442075,-1278.489922893925,,,13.053737364380378,,,-0.2855665100408738,-8.86933248797147,False,Sulphonate
DMSO,BIHYOWYNLRGNHF-UHFFFAOYSA-N,[H]OS(=O)(=O)C(F)(F)C(F)(F)OC(F)(F)C(F)(F)C(F)(F)F,O=S(=O)(O)C(F)(F)C(F)(F)OC(F)(F)C(F)(F)C(F)(F)F,neutral,11,1,7,1.0,366.1039999999999,3.504921874,-1988.5913231262207,-1988.5249084363645,,,13.49026242253852,,,1.0722555164778844,,False,Sulphonate
DMSO,NNTNZRAMRLQIEI-UHFFFAOYSA-N,[H]OC(=O)C(F)(F)C(F)=C(F)C(F)(F)C(F)(F)C(F)(F)F,O=C(O)C(F)(F)C(F)=C(F)C(F)(F)C(F)(F)C(F)(F)F,neutral,11,1,6,1.0,326.061,2.742829974,-1516.1733678099683,-1516.1094515321588,,,11.706474419955267,,,2.930711873383535,,False,Carboxylate
DMSO,LVGUZGTVOIAKKC-UHFFFAOYSA-N,[H]C([H])(F)C(F)(F)F,FCC(F)(F)F,neutral,4,1,3,0.6666666666666666,102.03000000000002,2.865365012,-476.8405232026244,-476.80460231629337,,,14.637630523600603,,,1.8347223976270088,-0.8486178851963487,False,Carboxylate
DMSO,OIKDGSCOJRUCTN-UHFFFAOYSA-N,[H]OP(=O)(O[H])OC(F)(F)C(F)(F)C(F)(F)C(F)(F)C(F)(F)F,O=P(O)(O)OC(F)(F)C(F)(F)C(F)(F)C(F)(F)C(F)(F)F,neutral,11,1,7,1.0,366.01899999999995,3.333893659,-1932.5125402843296,-1932.4441808139852,,,13.056512925777469,,,3.52278760393255,,False,Phosphate
DMSO,NEEGCEUNMCQJQF-UHFFFAOYSA-N,[H]OC(=O)C([H])=C([H])C(F)(F)C(F)(F)F,O=C(O)C=CC(F)(F)C(F)(F)F,neutral,5,1,4,0.7142857142857143,190.06699999999998,2.659296511,-842.0701889008301,-842.0209614665741,,,11.240125682471525,,,1.5599326723499796,-3.110035437391953,False,Carboxylate
DMSO,RMHCWMIZBMGHKV-UHFFFAOYSA-N,FC(F)=C(F)C(F)(F)C(F)(F)C(F)(F)C(F)(F)F,FC(F)=C(F)C(F)(F)C(F)(F)C(F)(F)C(F)(F)F,neutral,12,1,6,1.0,300.0419999999999,1.619538962,-1426.8464679788744,-1426.786908052227,,,11.951921123894078,,,4.326268625691476,,False,Carboxylate
DMSO,NJCISIRAMWBANH-UHFFFAOYSA-N,[H]OC(=O)C(F)(F)OC(F)(F)C(F)(F)C(F)(F)C([H])([H])Cl,O=C(O)C(F)(F)OC(F)(F)C(F)(F)C(F)(F)CCl,neutral,8,0,4,0.8,310.524,4.431120569,-1715.1253059523085,-1715.0640254493817,,,12.674437851497553,,,3.086933596452043,,False,Carboxylate
DMSO,XATLHBQMSOZWBO-UHFFFAOYSA-N,O=C(F)C(F)(F)C(F)(F)C(F)(F)C(F)(F)C(F)(F)F,O=C(F)C(F)(F)C(F)(F)C(F)(F)C(F)(F)C(F)(F)F,neutral,12,1,7,1.0,316.04099999999994,0.918645568,-1502.1224482787966,-1502.0609284345007,,,12.923013864854653,,,3.6024960027464727,,False,Carboxylate
DMSO,LOMMKEOPNWFTMP-UHFFFAOYSA-N,[H]OS(=O)(=O)C(F)(OC(F)(F)C(F)(F)C(F)(F)F)C(F)(F)F,O=S(=O)(O)C(F)(OC(F)(F)C(F)(F)C(F)(F)F)C(F)(F)F,neutral,11,2,8,1.0,366.1039999999999,3.712906639,-1988.5914480018953,-1988.5250179864995,,,13.54702537424765,,,1.53349521673526,-2.2544441600004794,False,Sulphonate
DMSO,GCSHTDCBGCURHU-UHFFFAOYSA-N,[H]OC(=O)C(F)(F)OC(F)(F)OC(F)(F)F,O=C(O)C(F)(F)OC(F)(F)OC(F)(F)F,neutral,7,1,5,1.0,246.03399999999996,2.808984183,-1152.9717726074173,-1152.9183680655858,,,12.866033222055552,,,1.3190631398377513,-1.6676216742102,False,Carboxylate
DMSO,PUBGHTOQJMZZEU-UHFFFAOYSA-N,[H]OS(=O)(=O)C(F)([C](F)F)C(F)(F)C(F)(F)[C](F)F,O=S(=O)(O)C(F)([C](F)F)C(F)(F)C(F)(F)[C](F)F,neutral,9,0,2,1.0,312.1089999999999,3.142203648,-1713.4967135509296,-1713.4334352965236,89.15895,89.090473,,,,,,,
DMSO,FUVKFLJWBHVMHX-UHFFFAOYSA-N,[H]N([H])S(=O)(=O)C(F)(F)C(F)(F)C(F)(F)C(F)(F)F,NS(=O)(=O)C(F)(F)C(F)(F)C(F)(F)C(F)(F)F,neutral,9,1,6,1.0,299.1139999999999,5.595194384,-1655.6603011879204,-1655.601146732787,,,12.948483722380898,,,1.2716519326439129,,False,Sulphonate
DMSO,QEWYKACRFQMRMB-UHFFFAOYSA-N,[H]OC(=O)C([H])([H])F,O=C(O)CF,neutral,1,0,0,0.3333333333333333,78.042,4.011775003,-328.337938162622,-328.3037246928688,,,12.430868733209712,,,-0.0798452388721523,-6.2709616203049,False,Carboxylate
DMSO,CXZGQIAOTKWCDB-UHFFFAOYSA-N,[H]OC(=O)C(F)(F)C(F)(F)C(F)(F)C(F)(F)F,O=C(O)C(F)(F)C(F)(F)C(F)(F)C(F)(F)F,neutral,9,1,6,1.0,264.04299999999995,2.843302378,-1240.298326009384,-1240.242416130826,,,12.654355848448013,,,2.3110734452290678,-1.3159237611520789,False,Carboxylate
DMSO,CSEBNABAWMZWIF-UHFFFAOYSA-N,[H]OC(=O)C(F)(OC(F)(F)C(F)(F)C(F)(F)F)C(F)(F)F,O=C(O)C(F)(OC(F)(F)C(F)(F)C(F)(F)F)C(F)(F)F,neutral,11,2,8,1.0,330.049,2.848777517,-1553.3566413286615,-1553.2929682780937,,,12.792970649985074,,,2.685773358538788,-0.642310583125088,False,Carboxylate
DMSO,QDUKVMNUAQTMQW-UHFFFAOYSA-N,[H]N([H])S(=O)(=O)C(F)(F)C(F)(F)F,NS(=O)(=O)C(F)(F)C(F)(F)F,neutral,5,1,4,1.0,199.09999999999997,5.536806355,-1180.04117717702,-1179.9940485099798,,,13.121384870587905,,,-0.34508597413262,-5.641918785046804,False,Sulphonate
DMSO,DCAIYMIXIOBNOB-UHFFFAOYSA-N,F[C](F)C(F)(F)C(F)(F)C(F)(C(F)(F)F)C(F)(F)[C](F)F,F[C](F)C(F)(F)C(F)(F)C(F)(C(F)(F)F)C(F)(F)[C](F)F,neutral,14,1,6,1.0,350.0489999999999,0.928616084,-1664.5593760572876,-1664.492327800422,24.890690000000003,24.809355999999998,,,,,,,
DMSO,XJSRKJAHJGCPGC-UHFFFAOYSA-N,[H]C(F)(F)C(F)(F)C(F)(F)C(F)(F)C(F)(F)C(F)(F)F,FC(F)C(F)(F)C(F)(F)C(F)(F)C(F)(F)C(F)(F)F,neutral,13,1,8,0.9285714285714286,320.04799999999994,2.428936277,-1527.338977480939,-1527.2772453836517,,,14.016612266694665,,,4.139609863047662,,False,Carboxylate
DMSO,PUUPFOPNQLTVIU-UHFFFAOYSA-N,[H]OC(=O)C(F)=C(F)C(F)(F)C(F)(F)C(F)(F)C(F)(F)F,O=C(O)C(F)=C(F)C(F)(F)C(F)(F)C(F)(F)C(F)(F)F,neutral,11,1,6,1.0,326.061,2.570525281,-1516.176953211344,-1516.113242898467,,,10.776008278659953,,,2.8176665741839897,,False,Carboxylate
DMSO,CFSHSCBNZAKMAT-UHFFFAOYSA-N,[H]C(F)(C(F)(F)F)C([H])(F)C(F)(F)F,FC(C(F)C(F)(F)F)C(F)(F)F,neutral,8,2,6,0.8,202.04399999999995,3.71513393,-952.4756051601853,-952.4273854833879,,,14.485083492305595,,,4.379369821327445,0.3825595890728524,False,Carboxylate
DMSO,UQSKZXLVALTWRV-UHFFFAOYSA-N,[H]OS(=O)(=O)C(F)(F)C(F)(F)C(F)(F)OC(F)(F)F,O=S(=O)(O)C(F)(F)C(F)(F)C(F)(F)OC(F)(F)F,neutral,9,1,6,1.0,316.0969999999999,3.647116753,-1750.7799577047117,-1750.7192970445788,,,13.417499175716745,,,0.0420583995778532,,False,Sulphonate
DMSO,WVMSKLLESNCNTP-UHFFFAOYSA-N,[H]OS(=O)(=O)C(F)(F)OC(F)(F)OC(F)(F)F,O=S(=O)(O)C(F)(F)OC(F)(F)OC(F)(F)F,neutral,7,1,5,1.0,282.08899999999994,3.73397606,-1588.211415337627,-1588.1548277759607,,,13.70898754518377,,,-0.3313790921580816,-3.903585680555038,False,Sulphonate
DMSO,LJYZRMUUPVQSLI-UHFFFAOYSA-N,[H]OS(=O)(=O)C(F)(OC(F)(F)C(F)(F)F)C(F)(F)F,O=S(=O)(O)C(F)(OC(F)(F)C(F)(F)F)C(F)(F)F,neutral,9,2,7,1.0,316.0969999999999,3.73187983,-1750.7819713207273,-1750.721245697438,,,13.55611397725381,,,0.9838196981710118,-2.542172047003463,False,Sulphonate
DMSO,OUGVLAVHRNOQEV-UHFFFAOYSA-N,[H]C([H])([H])OC(=O)C([H])([H])C([H])([H])C(F)(F)C(F)(F)C(F)(F)F,COC(=O)CCC(F)(F)C(F)(F)C(F)(F)F,neutral,7,1,5,0.5,256.11699999999996,4.043778109,-1120.3749423861916,-1120.3163014733495,,,12.133856452334754,,,2.7102994022779763,-0.8781296434786647,False,Carboxylate
DMSO,YHAYRKGGBCCPEW-UHFFFAOYSA-N,[H]OC(=O)C([H])([H])N(C([H])([H])[H])S(=O)(=O)C(F)(F)F,CN(CC(=O)O)S(=O)(=O)C(F)(F)F,neutral,3,1,3,0.375,221.15599999999995,7.118554808,-1209.3864306144726,-1209.3328855608509,,,11.810040956007496,,,-0.4166215996152539,-8.173499089177694,False,Sulphonate
DMSO,PAXFGBPGMBAFGA-UHFFFAOYSA-N,[H]OS(=O)(=O)C([H])([H])C(F)(F)C(F)(F)C(F)(F)C(F)(F)F,O=S(=O)(O)CC(F)(F)C(F)(F)C(F)(F)C(F)(F)F,neutral,9,1,6,0.8181818181818182,314.12499999999994,3.520315669,-1714.8568466399593,-1714.7956473851134,,,13.294830246519833,,,0.4584750415359042,-6.350777518198893,False,Sulphonate
DMSO,BJGMDDXEWGMYHD-UHFFFAOYSA-N,[H]C([H])(C(F)(F)F)C(F)(F)C(F)(F)F,FC(F)(F)CC(F)(F)C(F)(F)F,neutral,8,2,7,0.8,202.04399999999998,2.921017174,-952.4950047475629,-952.4467465844442,,,14.45338222732902,,,2.911045124597791,-0.071718252402956,False,Carboxylate
DMSO,KCZIAIJJDOASNM-UHFFFAOYSA-N,[H]OP(=O)(O[H])C(F)(F)C(F)(F)C(F)(F)C(F)(F)C(F)(F)F,O=P(O)(O)C(F)(F)C(F)(F)C(F)(F)C(F)(F)C(F)(F)F,neutral,11,1,7,1.0,350.0199999999999,2.008861946,-1857.237736298006,-1857.171486447904,,,12.949708234761967,,,3.2164343178588672,,False,Phosphate
DMSO,ZVJOQYFQSQJDDX-UHFFFAOYSA-N,FC(F)=C(F)C(F)(F)C(F)(F)F,FC(F)=C(F)C(F)(F)C(F)(F)F,neutral,8,1,4,1.0,200.02799999999996,1.442990839,-951.2285670792595,-951.1806497159192,,,11.924464835171877,,,2.9583455004118773,3.176933478989999,False,Carboxylate
DMSO,IRWCCLQZAKMYHY-UHFFFAOYSA-N,[H]OC(=O)C(F)(F)C(F)(C(F)(F)F)C(F)(F)C(F)(F)F,O=C(O)C(F)(F)C(F)(C(F)(F)F)C(F)(F)C(F)(F)F,neutral,11,2,8,1.0,314.04999999999995,2.768210624,-1478.1116022525805,-1478.0503559240813,,,12.729540908645678,,,2.987347287625977,,False,Carboxylate
DMSO,NBVXSUQYWXRMNV-UHFFFAOYSA-N,[H]C([H])([H])F,CF,neutral,1,0,0,0.25,34.033,2.398655229,-139.74039007899378,-139.71508498230804,,,14.350223862070477,,,0.5350333979496528,-0.8598242975818237,False,Carboxylate
DMSO,HCDGVLDPFQMKDK-UHFFFAOYSA-N,FC(F)=C(F)C(F)(F)F,FC(F)=C(F)C(F)(F)F,neutral,6,1,3,1.0,150.021,1.465067458,-713.4166440288294,-713.374965873365,,,11.995595398818889,,,2.3780720725983087,2.4387335272824187,False,Carboxylate
DMSO,LQDORJNYFXQTGE-UHFFFAOYSA-M,[H]C([H])(C(F)(F)F)C(F)(F)C(F)(F)C([H])([H])C([H])([H])S(=O)(=O)[O-],O=S(=O)([O-])CCC(F)(F)C(F)(F)CC(F)(F)F,anionic,7,1,5,0.5384615384615384,291.16400000000004,17.053514584,-1555.2356631997732,-1555.1754760812364,,,10.582426476905995,,,-3.841442091217371,-42.815797424367055,True,Sulphonate
DMSO,OPDDDUPHXZCZJD-UHFFFAOYSA-M,[H]C([H])(C(F)(F)C(F)(F)F)S(=O)(=O)[O-],O=S(=O)([O-])CC(F)(F)C(F)(F)F,anionic,5,1,4,0.7142857142857143,213.103,11.733294738,-1238.8147375304577,-1238.765903986613,,,10.809342226811289,,,-5.561045714347132,-43.04930029939207,True,Sulphonate
DMSO,GCSHTDCBGCURHU-UHFFFAOYSA-M,O=C([O-])C(F)(F)OC(F)(F)OC(F)(F)F,O=C([O-])C(F)(F)OC(F)(F)OC(F)(F)F,anionic,7,1,5,1.0,245.02599999999995,8.934798613,-1152.5334821394133,-1152.4806502823928,,,11.030053780652496,,,-3.1306720574999365,-37.90411338855512,True,Carboxylate
DMSO,LLHBHAOIVGGEPA-UHFFFAOYSA-M,[H]C(F)(C(F)(F)C(F)(F)F)S(=O)(=O)[O-],O=S(=O)([O-])C(F)C(F)(F)C(F)(F)F,anionic,6,1,4,0.8571428571428571,231.093,10.949844437,-1338.0611752339705,-1338.0106969971052,,,11.065455794158527,,,-4.513749279744889,-40.14178967191149,True,Sulphonate
DMSO,NJCISIRAMWBANH-UHFFFAOYSA-M,[H]C([H])(Cl)C(F)(F)C(F)(F)C(F)(F)OC(F)(F)C(=O)[O-],O=C([O-])C(F)(F)OC(F)(F)C(F)(F)C(F)(F)CCl,anionic,8,0,4,0.8,309.516,15.778490112,-1714.6886621778197,-1714.6273361097117,,,10.790947329709,,,-0.7799414996518507,-33.4432404420286,True,Carboxylate
DMSO,PQJUSACUDRAKKM-UHFFFAOYSA-M,O=C([O-])C(F)(F)OC(F)(C(F)(F)[C](F)F)C(F)(F)[C](F)F,O=C([O-])C(F)(F)OC(F)(C(F)(F)[C](F)F)C(F)(F)[C](F)F,anionic,11,0,3,1.0,341.05199999999996,13.080007147,-1590.860662716758,-1590.7933059818572,24.887302,24.812111,,,,,,,
DMSO,TWIYDBQRYCWOAU-UHFFFAOYSA-M,O=S([O-])C(F)(F)C(F)(F)C(F)(F)C(F)(F)F,O=S([O-])C(F)(F)C(F)(F)C(F)(F)C(F)(F)F,anionic,9,1,6,1.0,283.09099999999995,13.533849869,-1599.8671743964396,-1599.809977332696,,,9.664477573283836,,,-2.718151402239158,-37.056852621119205,True,Sulphonate
DMSO,NEEGCEUNMCQJQF-UHFFFAOYSA-M,[H]C(C(=O)[O-])=C([H])C(F)(F)C(F)(F)F,O=C([O-])C=CC(F)(F)C(F)(F)F,anionic,5,1,4,0.7142857142857143,189.05899999999997,14.820745181,-841.6128095891343,-841.5639664437228,,,10.092594313091965,,,-3.519480742890371,-41.84897397913576,True,Carboxylate
DMSO,PAXFGBPGMBAFGA-UHFFFAOYSA-M,[H]C([H])(C(F)(F)C(F)(F)C(F)(F)C(F)(F)F)S(=O)(=O)[O-],O=S(=O)([O-])CC(F)(F)C(F)(F)C(F)(F)C(F)(F)F,anionic,9,1,6,0.8181818181818182,313.117,16.530435604,-1714.4328124479523,-1714.3724803822545,,,10.789096955444272,,,-3.9342346916363424,-40.92047776961758,True,Sulphonate
DMSO,KCZIAIJJDOASNM-UHFFFAOYSA-M,[H]OP(=O)([O-])C(F)(F)C(F)(F)C(F)(F)C(F)(F)C(F)(F)F,O=P([O-])(O)C(F)(F)C(F)(F)C(F)(F)C(F)(F)C(F)(F)F,anionic,11,1,7,1.0,349.01199999999994,11.544006573,-1856.8078293254268,-1856.7428474277008,,,11.417190172774168,,,-1.3373378828575833,,True,Phosphate
DMSO,DRVMZMGCPWFDBI-UHFFFAOYSA-L,[H]C([H])(OP(=O)([O-])[O-])C(F)(F)F,O=P([O-])([O-])OCC(F)(F)F,anionic,3,1,3,0.6,178.00199999999995,17.690150571,-1019.6276170443082,-1019.5820521836172,,,9.029527086619952,,,,,,
DMSO,IRWCCLQZAKMYHY-UHFFFAOYSA-M,O=C([O-])C(F)(F)C(F)(C(F)(F)F)C(F)(F)C(F)(F)F,O=C([O-])C(F)(F)C(F)(C(F)(F)F)C(F)(F)C(F)(F)F,anionic,11,2,8,1.0,313.0419999999999,12.461857047,-1477.6745334739767,-1477.613700113468,,,10.997781076564756,,,-1.9069220329407688,,True,Carboxylate
DMSO,CYOVLVHYDYAUSD-UHFFFAOYSA-M,O=C([O-])C(F)(C(F)(F)[C](F)F)C(F)(F)C(F)(F)[C](F)F,O=C([O-])C(F)(C(F)(F)[C](F)F)C(F)(F)C(F)(F)[C](F)F,anionic,11,0,3,1.0,325.05299999999994,7.647099873,-1515.633531956685,-1515.5680034240863,24.87942,24.814847,,,,,,,
DMSO,LJYZRMUUPVQSLI-UHFFFAOYSA-M,O=S(=O)([O-])C(F)(OC(F)(F)C(F)(F)F)C(F)(F)F,O=S(=O)([O-])C(F)(OC(F)(F)C(F)(F)F)C(F)(F)F,anionic,9,2,7,1.0,315.08899999999994,9.822742166,-1750.3758451368549,-1750.316046575994,,,11.268289467236121,,,-3.3835485893042643,-34.80663397187115,True,Sulphonate
DMSO,AFVFQIVMOAPDHO-UHFFFAOYSA-M,[H]C([H])([H])S(=O)(=O)[O-],CS(=O)(=O)[O-],anionic,0,0,0,0.0,95.099,5.011870755,-663.9064004425794,-663.8723519345922,,,10.648278031621286,,,-7.20368563683825,-50.06608312791183,True,Sulphonate
DMSO,LOWVMFCFGIMLOB-UHFFFAOYSA-M,[H]C(F)(F)C([H])([H])C([H])([H])S(=O)(=O)[O-],O=S(=O)([O-])CCC(F)F,anionic,2,0,1,0.2857142857142857,159.13299999999998,10.204759178,-941.0244275811,-940.980045111424,,,10.660196618797029,,,-5.69317414362984,-45.994239576941744,True,Sulphonate
DMSO,YHAYRKGGBCCPEW-UHFFFAOYSA-M,[H]C([H])([H])N(C([H])([H])C(=O)[O-])S(=O)(=O)C(F)(F)F,CN(CC(=O)[O-])S(=O)(=O)C(F)(F)F,anionic,3,1,3,0.375,220.14799999999994,9.430024832,-1208.927695001538,-1208.8746635785865,,,10.05281126640033,,,-5.53242215987731,-44.3629642074761,True,Sulphonate
DMSO,UQSKZXLVALTWRV-UHFFFAOYSA-M,O=S(=O)([O-])C(F)(F)C(F)(F)C(F)(F)OC(F)(F)F,O=S(=O)([O-])C(F)(F)C(F)(F)C(F)(F)OC(F)(F)F,anionic,9,1,6,1.0,315.08899999999994,11.150795511,-1750.3731482581072,-1750.313605973556,,,11.25623482312915,,,-3.268042614430009,-34.924284222614915,True,Sulphonate
DMSO,PUUPFOPNQLTVIU-UHFFFAOYSA-M,O=C([O-])C(F)=C(F)C(F)(F)C(F)(F)C(F)(F)C(F)(F)F,O=C([O-])C(F)=C(F)C(F)(F)C(F)(F)C(F)(F)C(F)(F)F,anionic,11,1,6,1.0,325.05299999999994,17.460721481,-1515.7312037219942,-1515.667946652097,,,10.433008755029276,,,-1.6600255818565268,,True,Carboxylate
DMSO,WVMSKLLESNCNTP-UHFFFAOYSA-M,O=S(=O)([O-])C(F)(F)OC(F)(F)OC(F)(F)F,O=S(=O)([O-])C(F)(F)OC(F)(F)OC(F)(F)F,anionic,7,1,5,1.0,281.08099999999996,10.086243074,-1587.802207401676,-1587.746769160955,,,11.280725070750538,,,-4.4301557462710175,-37.002844030022274,True,Sulphonate
DMSO,FQLUFYLRFYOCIL-UHFFFAOYSA-M,O=C([O-])C(Cl)=C(F)F,O=C([O-])C(Cl)=C(F)F,anionic,2,0,0,1.0,141.48,8.677916838,-924.7765975676922,-924.7359341996832,,,10.342530895761366,,,-4.116882516732872,-43.06701244580648,True,Carboxylate
DMSO,PUBGHTOQJMZZEU-UHFFFAOYSA-M,O=S(=O)([O-])C(F)([C](F)F)C(F)(F)C(F)(F)[C](F)F,O=S(=O)([O-])C(F)([C](F)F)C(F)(F)C(F)(F)[C](F)F,anionic,9,0,2,1.0,311.10099999999994,7.130683664,-1713.091291913637,-1713.0291256266116,89.09353800000001,89.042411,,,,,,,
DMSO,VAJGLWNYOMVAOX-UHFFFAOYSA-M,O=C([O-])C(F)=C(F)C(F)(F)F,O=C([O-])C(F)=C(F)C(F)(F)F,anionic,5,1,3,1.0,175.03199999999998,9.059685981,-802.301984161868,-802.256227995894,,,10.726782880940961,,,-3.3550008429791283,-39.45905594652493,True,Carboxylate
DMSO,QEWYKACRFQMRMB-UHFFFAOYSA-M,[H]C([H])(F)C(=O)[O-],O=C([O-])CF,anionic,1,0,0,0.3333333333333333,77.034,5.382726939,-327.8802707402988,-327.8464602014952,,,10.520574995968863,,,-5.528680289896674,-49.852108379710266,True,Carboxylate
DMSO,NCEMUOYFYLEORV-UHFFFAOYSA-M,[H]OP(=O)([O-])C([H])(F)F,O=P([O-])(O)C(F)F,anionic,2,0,1,0.6666666666666666,130.994,5.100358766,-806.2900882136813,-806.2502576312629,,,11.210927865029578,,,-4.126250802034206,-46.95579279380126,True,Phosphate
DMSO,CXZGQIAOTKWCDB-UHFFFAOYSA-M,O=C([O-])C(F)(F)C(F)(F)C(F)(F)C(F)(F)F,O=C([O-])C(F)(F)C(F)(F)C(F)(F)C(F)(F)F,anionic,9,1,6,1.0,263.03499999999997,13.774316092,-1239.861413000606,-1239.8058997011667,,,10.958841582846746,,,-2.325916686567124,-37.77801936385963,True,Carboxylate
DMSO,CSEBNABAWMZWIF-UHFFFAOYSA-M,O=C([O-])C(F)(OC(F)(F)C(F)(F)C(F)(F)F)C(F)(F)F,O=C([O-])C(F)(OC(F)(F)C(F)(F)C(F)(F)F)C(F)(F)F,anionic,11,2,8,1.0,329.04099999999994,10.531946601,-1552.9206317399392,-1552.857412213099,,,10.989427180987237,,,-1.2659194331738937,,True,Carboxylate
DMSO,PCYBDHWNMPLUSI-UHFFFAOYSA-L,[H]C([H])(C(F)(F)F)P(=O)([O-])[O-],O=P([O-])([O-])CC(F)(F)F,anionic,3,1,3,0.6,162.00300000000001,13.900021351,-944.3749644818835,-944.3318550383664,,,8.976954688392702,,,,,,
DMSO,DVMSVWIURPPRBC-UHFFFAOYSA-M,O=C([O-])C(F)=C(F)F,O=C([O-])C(F)=C(F)F,anionic,3,0,0,1.0,125.025,8.371629401,-564.4728883286189,-564.4332360265716,,,10.628740256296668,,,-4.555291279215542,-43.601443779612055,True,Carboxylate
DMSO,ZZIVMEZYOKGBJO-UHFFFAOYSA-M,O=C([O-])C(F)(F)OC(F)(F)C(F)(F)C(F)(F)C(F)(F)F,O=C([O-])C(F)(F)OC(F)(F)C(F)(F)C(F)(F)C(F)(F)F,anionic,11,1,7,1.0,329.04099999999994,16.57484788,-1552.9128209156786,-1552.8497159836645,,,10.984583554235451,,,-2.032323488168012,,True,Carboxylate
DMSO,RJMWONDOWLERGS-UHFFFAOYSA-M,O=C([O-])C1(F)C(F)(F)C(F)(F)C(F)(F)C1(F)F,O=C([O-])C1(F)C(F)(F)C(F)(F)C(F)(F)C1(F)F,anionic,9,0,4,1.0,275.04599999999994,9.201521356,-1277.9535044177292,-1277.8990023765969,,,10.95475987490985,,,-1.9108096120330524,-35.29474416697764,True,Carboxylate
DMSO,WUNJQIWWSVJSNK-UHFFFAOYSA-M,[H]C(F)(C(F)(F)F)C(F)(F)C(F)(F)C(F)(F)S(=O)(=O)[O-],O=S(=O)([O-])C(F)(F)C(F)(F)C(F)(F)C(F)C(F)(F)F,anionic,10,1,6,0.9090909090909091,331.107,9.554217232,-1813.6868186223437,-1813.624904369468,,,11.376862898357615,,,-3.5214533625589515,,True,Sulphonate
DMSO,HRGUTPUQCCHFHT-UHFFFAOYSA-M,O=C([O-])C(F)(F)OC(F)(F)C(F)(F)C(F)(F)F,O=C([O-])C(F)(F)OC(F)(F)C(F)(F)C(F)(F)F,anionic,9,1,6,1.0,279.03399999999993,11.838063649,-1315.1038032743047,-1315.046405647602,,,11.013563680587428,,,-2.2427507819415555,-36.34764336262337,True,Carboxylate
DMSO,QONJFKZKPBYFFA-UHFFFAOYSA-M,O=S(=O)([O-])C(F)(F)C(F)(F)C(F)(C(F)(F)F)C(F)(F)F,O=S(=O)([O-])C(F)(F)C(F)(F)C(F)(C(F)(F)F)C(F)(F)F,anionic,11,2,8,1.0,349.0969999999999,14.410812075,-1912.9440658478295,-1912.8808924830169,,,11.272833768739202,,,,,True,Sulphonate
DMSO,UGMLUHQLUFIGNF-UHFFFAOYSA-M,[H]C(C(=O)[O-])=C([H])C(F)(F)C(F)(F)C(F)(F)C(F)(F)C(F)(F)F,O=C([O-])C=CC(F)(F)C(F)(F)C(F)(F)C(F)(F)C(F)(F)F,anionic,11,1,7,0.8461538461538461,339.0799999999999,20.480165747,-1555.0405171230511,-1554.9745466594047,,,10.010851308809016,,,-1.4512584331335558,,True,Carboxylate
DMSO,FXKAFEFAPQFHKH-UHFFFAOYSA-M,[H]C([H])([H])N(C([H])([H])C(=O)[O-])S(=O)(=O)C(F)(F)C(F)(F)F,CN(CC(=O)[O-])S(=O)(=O)C(F)(F)C(F)(F)F,anionic,5,1,4,0.5,270.1549999999999,11.734998379,-1446.738416631876,-1446.6795368437035,,,10.0703081877565,,,-4.715228588055591,-43.26168586276056,True,Sulphonate
DMSO,SNHPHIVOTMMDRF-UHFFFAOYSA-M,O=S(=O)([O-])C(F)(C(F)(F)F)C(F)(F)F,O=S(=O)([O-])C(F)(C(F)(F)F)C(F)(F)F,anionic,7,2,6,1.0,249.08299999999994,7.543932625,-1437.3303266459889,-1437.2787478134107,,,11.295528064868357,,,-3.7221356806309367,-36.166589780255045,True,Sulphonate
DMSO,BIHYOWYNLRGNHF-UHFFFAOYSA-M,O=S(=O)([O-])C(F)(F)C(F)(F)OC(F)(F)C(F)(F)C(F)(F)F,O=S(=O)([O-])C(F)(F)C(F)(F)OC(F)(F)C(F)(F)C(F)(F)F,anionic,11,1,7,1.0,365.09599999999995,12.933216946,-1988.185311393181,-1988.1198739389265,,,11.22951324183559,,,-2.5766473385686925,,True,Sulphonate
DMSO,PZISXUSIJZIZKG-UHFFFAOYSA-M,O=C([O-])C(F)(C(F)(F)[C](F)F)C(F)(F)[C](F)F,O=C([O-])C(F)(C(F)(F)[C](F)F)C(F)(F)[C](F)F,anionic,9,0,2,1.0,275.04599999999994,9.859411767,-1277.8209732673843,-1277.7612152325771,24.879828,24.811472000000002,,,,,,,
DMSO,NNTNZRAMRLQIEI-UHFFFAOYSA-M,O=C([O-])C(F)(F)C(F)=C(F)C(F)(F)C(F)(F)C(F)(F)F,O=C([O-])C(F)(F)C(F)=C(F)C(F)(F)C(F)(F)C(F)(F)F,anionic,11,1,6,1.0,325.05299999999994,14.606587042,-1515.7359625739107,-1515.6724758583257,,,10.500112033511881,,,-1.417678070340732,,True,Carboxylate
DMSO,OIKDGSCOJRUCTN-UHFFFAOYSA-M,[H]OP(=O)([O-])OC(F)(F)C(F)(F)C(F)(F)C(F)(F)C(F)(F)F,O=P([O-])(O)OC(F)(F)C(F)(F)C(F)(F)C(F)(F)C(F)(F)F,anionic,11,1,7,1.0,365.0109999999999,15.727437152,-1932.0818473564568,-1932.0149095150225,,,11.291908950497639,,,-0.5974643776399082,,True,Phosphate
DMSO,MPQDGDVBZJSJIA-UHFFFAOYSA-M,O=C([O-])C(F)(F)C(F)(F)OC(F)(F)C(F)(F)C(F)(F)F,O=C([O-])C(F)(F)C(F)(F)OC(F)(F)C(F)(F)C(F)(F)F,anionic,11,1,7,1.0,329.04099999999994,14.088360421,-1552.9152482485836,-1552.8521710007456,,,10.895003670713658,,,-1.6701530138154903,,True,Carboxylate
DMSO,POGJNMOVQNQIGY-UHFFFAOYSA-M,[H]C([H])(C(F)(F)C(F)(F)F)C([H])([H])S(=O)(=O)[O-],O=S(=O)([O-])CCC(F)(F)C(F)(F)F,anionic,5,1,4,0.5555555555555556,227.13,14.300422332,-1278.1131512948627,-1278.0613062993343,,,10.637828859302827,,,-4.744199221801996,-43.11378407324547,True,Sulphonate
DMSO,JEGVBRYEXSGSKC-UHFFFAOYSA-M,[H]C(F)(F)C(F)(F)C(F)(F)C(F)(F)C(F)(F)S(=O)(=O)[O-],O=S(=O)([O-])C(F)(F)C(F)(F)C(F)(F)C(F)(F)C(F)F,anionic,10,0,5,0.9090909090909091,331.107,13.160336298,-1813.673227734292,-1813.6109785339836,,,11.27941892421073,,,-3.450404290264227,,True,Sulphonate
DMSO,JZJXEBUWIKKBCI-UHFFFAOYSA-M,O=C([O-])C(F)(F)C(F)(F)OC(F)(F)C(F)(F)OC(F)(F)F,O=C([O-])C(F)(F)C(F)(F)OC(F)(F)C(F)(F)OC(F)(F)F,anionic,11,1,7,1.0,345.03999999999996,13.423275743,-1628.1579653371853,-1628.0929378828291,,,10.85241785123869,,,-1.9578868531162976,,True,Carboxylate
DMSO,CGDXUTMWWHKMOE-UHFFFAOYSA-M,[H]C(F)(F)S(=O)(=O)[O-],O=S(=O)([O-])C(F)F,anionic,2,0,1,0.6666666666666666,131.07899999999998,5.174602822,-862.4273200728363,-862.3891004350257,,,11.122899030523808,,,-6.093870821934028,-44.36945252250657,True,Sulphonate
DMSO,DTQVDTLACAAQTR-UHFFFAOYSA-M,O=C([O-])C(F)(F)F,O=C([O-])C(F)(F)F,anionic,3,1,3,1.0,113.01400000000001,5.55236371,-526.4285999885326,-526.3916186043774,,,11.051550775786827,,,-4.182319372735384,-42.46788426096383,True,Carboxylate
DMSO,NVBJAOSFGHCYEU-UHFFFAOYSA-M,[H]OP(=O)([O-])OC(F)(F)C(F)(F)C(F)(F)F,O=P([O-])(O)OC(F)(F)C(F)(F)C(F)(F)F,anionic,7,1,5,1.0,264.99699999999996,11.346796544,-1456.4631986691568,-1456.4078246636773,,,11.301242455980013,,,-2.275375796751141,-40.17995388614536,True,Phosphate
DMSO,YHBLMQUQIHYSRV-UHFFFAOYSA-M,O=S(=O)([O-])C(F)(F)OC(F)(F)F,O=S(=O)([O-])C(F)(F)OC(F)(F)F,anionic,5,1,4,1.0,215.07499999999996,9.174445755,-1274.7538662401976,-1274.7058471886876,,,11.278003932125939,,,-4.838771437973868,-38.15983401586448,True,Sulphonate
DMSO,BBLFCNLVILKUEU-UHFFFAOYSA-L,[H]C([H])(OP(=O)([O-])[O-])C([H])([H])C(F)(F)C(F)(F)C(F)(F)C(F)(F)F,O=P([O-])([O-])OCCC(F)(F)C(F)(F)C(F)(F)C(F)(F)F,anionic,9,1,6,0.6923076923076923,342.04999999999995,37.239950214,-1772.347532536979,-1772.2823533816863,,,8.894885147474803,,,-14.783038879786696,,True,Phosphate
DMSO,UKWUQIWTPDZBTD-UHFFFAOYSA-M,O=C([O-])[C](F)C(F)(F)C(F)(F)C(F)(F)C(F)(F)[C](F)F,O=C([O-])[C](F)C(F)(F)C(F)(F)C(F)(F)C(F)(F)[C](F)F,anionic,11,0,4,1.0,325.05299999999994,15.948821997,-1515.636958387499,-1515.5713886241344,24.889063999999998,24.808898000000003,,,,,,,
DMSO,RUWAFPLNUJKITJ-UHFFFAOYSA-M,O=C([O-])C(F)(F)C(F)(F)C(F)(F)C(F)(F)OC(F)(F)F,O=C([O-])C(F)(F)C(F)(F)C(F)(F)C(F)(F)OC(F)(F)F,anionic,11,1,7,1.0,329.04099999999994,15.857886686,-1552.9126912432719,-1552.8495526816007,,,10.943195035755306,,,-1.940938885165492,,True,Carboxylate
DMSO,PMNVMTIBUIRJHZ-UHFFFAOYSA-M,[H]C([H])(C(=O)[O-])C(F)(F)C(F)(F)C(F)(F)C(F)(F)F,O=C([O-])CC(F)(F)C(F)(F)C(F)(F)C(F)(F)F,anionic,9,1,6,0.8181818181818182,277.06199999999995,17.136173385,-1279.1531424001168,-1279.0949600830165,,,10.30696561393786,,,-2.786487111561482,-41.55485091748207,True,Carboxylate
DMSO,QZBAYURFHCTXOJ-UHFFFAOYSA-M,[H]C(C(=O)[O-])=C([H])C(F)(F)F,O=C([O-])C=CC(F)(F)F,anionic,3,1,3,0.6,139.052,11.548978245,-603.8004401300751,-603.7576321622744,,,10.22209330023662,,,-4.143233955610607,-43.41021657845887,True,Carboxylate
DMSO,YPDPPLGJIXBIMW-UHFFFAOYSA-M,O=S(=O)([O-])C(F)(F)OC(F)(F)OC(F)(F)C(F)(F)F,O=S(=O)([O-])C(F)(F)OC(F)(F)OC(F)(F)C(F)(F)F,anionic,9,1,6,1.0,331.08799999999997,10.928292406,-1825.6128444617211,-1825.5515272367577,,,11.252207537964743,,,-3.3030264506043374,,True,Sulphonate
DMSO,XFSPFPFUBRZQFO-UHFFFAOYSA-L,O=P([O-])([O-])OC(F)(F)F,O=P([O-])([O-])OC(F)(F)F,anionic,3,1,3,1.0,163.975,9.997981789,-980.363733897798,-980.3208812191364,,,9.45473220809976,,,-15.522043984445116,,True,Phosphate
DMSO,XBWQFDNGNOOMDZ-UHFFFAOYSA-M,O=S(=O)([O-])C(F)(F)C(F)(F)C(F)(F)F,O=S(=O)([O-])C(F)(F)C(F)(F)C(F)(F)F,anionic,7,1,5,1.0,249.08299999999994,10.124945729,-1437.3216801780316,-1437.2697157673963,,,11.30031726884765,,,-3.969321293619832,-36.60607291743733,True,Sulphonate
DMSO,JDWGPDRDUUNFIB-UHFFFAOYSA-M,O=S(=O)([O-])C(F)(C(F)(F)F)C(F)(F)C(F)(F)C(F)(F)F,O=S(=O)([O-])C(F)(C(F)(F)F)C(F)(F)C(F)(F)C(F)(F)F,anionic,11,2,8,1.0,349.0969999999999,9.932999405,-1912.9451218563668,-1912.881943738275,,,11.281786314814132,,,-2.4788697161190734,,True,Sulphonate
DMSO,SQONXERJDSMNNZ-UHFFFAOYSA-M,O=P([O-])(C(F)(F)F)C(F)(F)F,O=P([O-])(C(F)(F)F)C(F)(F)F,anionic,6,2,6,1.0,200.98199999999997,4.842532108,-1167.3787788774441,-1167.3311509794185,,,11.869035241388799,,,-1.9463495917498448,-35.45813898298869,True,Phosphate
DMSO,JFIQYUFQLKYFPJ-UHFFFAOYSA-M,O=C([O-])C(F)(OC(F)(F)F)C(F)(F)F,O=C([O-])C(F)(OC(F)(F)F)C(F)(F)F,anionic,7,2,6,1.0,229.02699999999996,7.601992105,-1077.2992724361643,-1077.2477430084405,,,11.044040433182936,,,-2.7405098635648573,-37.23142045193744,True,Carboxylate
DMSO,GKGNYGDOWLMWSY-UHFFFAOYSA-L,[H]C(F)(C(F)(F)F)P(=O)([O-])[O-],O=P([O-])([O-])C(F)C(F)(F)F,anionic,4,1,3,0.8,179.993,13.683341837,-1043.6295112136556,-1043.5844551800892,,,9.173829067882426,,,,,,
DMSO,LJTUHCJGGCJGFB-UHFFFAOYSA-M,[H]OP(=O)([O-])OC(F)(F)C(F)(F)C(F)(F)C(F)(F)F,O=P([O-])(O)OC(F)(F)C(F)(F)C(F)(F)C(F)(F)F,anionic,9,1,6,1.0,315.0039999999999,14.284739013,-1694.270044088075,-1694.2088651208735,,,11.338984648703198,,,-1.709714686289055,-37.94328205837949,True,Phosphate
DMSO,OOBQAZXPVDXDKH-UHFFFAOYSA-M,[H]C(OC(F)(F)C(F)(F)C(F)(F)F)(C(F)(F)F)S(=O)(=O)[O-],O=S(=O)([O-])C(OC(F)(F)C(F)(F)C(F)(F)F)C(F)(F)F,anionic,10,2,8,0.9090909090909091,347.10600000000005,11.649033158,-1888.93542106263,-1888.8716312439012,,,11.01111465582529,,,-3.0819157416285825,,True,Sulphonate
DMSO,XLWUDBRTNPGWDQ-UHFFFAOYSA-M,[H]OP(=O)([O-])C(F)(F)C(F)(F)F,O=P([O-])(O)C(F)(F)C(F)(F)F,anionic,5,1,4,1.0,198.99099999999996,7.223371284,-1143.3804028326415,-1143.3328932129025,,,11.437326598596199,,,-2.914842314904385,-41.679458625994,True,Phosphate
DMSO,QKZCNRMGUBIVTQ-UHFFFAOYSA-M,O=S(=O)([O-])C(F)(C(F)(F)F)C(F)(F)C(F)(F)F,O=S(=O)([O-])C(F)(C(F)(F)F)C(F)(F)C(F)(F)F,anionic,9,2,7,1.0,299.0899999999999,9.920365243,-1675.1369392533677,-1675.0795667524455,,,11.28954155989424,,,-3.11201493570588,-34.301142397273296,True,Sulphonate
DMSO,LREYALPNJOYGJE-UHFFFAOYSA-M,O=S(=O)([O-])C1(F)C(F)(F)C(F)(F)C(F)(F)C1(F)F,O=S(=O)([O-])C1(F)C(F)(F)C(F)(F)C(F)(F)C1(F)F,anionic,9,0,4,1.0,311.10099999999994,9.316311079,-1713.21699953813,-1713.1602223483453,,,11.091524302182185,,,-3.170629445266046,-35.28433586182782,True,Sulphonate
DMSO,VXSYIYDVTQFDED-UHFFFAOYSA-M,O=S(=O)([O-])[C](F)C(F)(F)C(F)(F)C(F)(F)[C](F)F,O=S(=O)([O-])[C](F)C(F)(F)C(F)(F)C(F)(F)[C](F)F,anionic,9,0,3,1.0,311.10099999999994,10.895768094,-1713.0971877259233,-1713.0346378677305,89.09064099999999,89.02760599999999,,,,,,,
DMSO,IRFKSCDGSAQNJM-UHFFFAOYSA-M,[H]C([H])(C(F)(F)C(F)(F)C(F)(F)F)C(F)(F)S(=O)(=O)[O-],O=S(=O)([O-])C(F)(F)CC(F)(F)C(F)(F)C(F)(F)F,anionic,9,1,6,0.8181818181818182,313.117,16.16356387,-1714.4434888534247,-1714.3827542383494,,,11.094000538330569,,,-3.3081185634905688,-37.88800121590572,True,Sulphonate
DMSO,IHYMJUVQLSNPPP-UHFFFAOYSA-M,O=C([O-])C(F)(F)OC(F)(F)F,O=C([O-])C(F)(F)OC(F)(F)F,anionic,5,1,4,1.0,179.01999999999998,7.950064877,-839.4821277100943,-839.4367870966933,,,11.05742843521596,,,-3.5272694833749334,-39.33904916335957,True,Carboxylate
DMSO,PRYVISBVTXTQOO-UHFFFAOYSA-M,[H]OP(=O)([O-])OC(F)(F)C(F)(F)F,O=P([O-])(O)OC(F)(F)C(F)(F)F,anionic,5,1,4,1.0,214.98999999999995,6.254870267,-1218.6507507923614,-1218.6013678433858,,,11.277514127173513,,,-2.8334012362198315,-41.33140099247809,True,Phosphate
DMSO,AUBOIAPNLUHLAF-UHFFFAOYSA-L,O=P([O-])([O-])C(F)(F)C(F)(F)C(F)(F)C(F)(F)F,O=P([O-])([O-])C(F)(F)C(F)(F)C(F)(F)C(F)(F)F,anionic,9,1,6,1.0,297.99699999999996,24.674230613,-1618.5171918784447,-1618.4587066577121,,,9.317287496171275,,,,,,
DMSO,LTOQTEOVRRXGBX-UHFFFAOYSA-M,[H]C(F)(F)C(F)(F)C(F)(F)S(=O)(=O)[O-],O=S(=O)([O-])C(F)(F)C(F)(F)C(F)F,anionic,6,0,3,0.8571428571428571,231.093,6.734357564,-1338.05621671585,-1338.0055758364904,,,11.352399862122471,,,-3.835703666532044,-36.45831767842178,True,Sulphonate
DMSO,YSRVDLQDMZJEDO-UHFFFAOYSA-M,O=P([O-])(C(F)(F)C(F)(F)F)C(F)(F)C(F)(F)F,O=P([O-])(C(F)(F)C(F)(F)F)C(F)(F)C(F)(F)F,anionic,10,2,8,1.0,300.9959999999999,5.172284032,-1643.0013046585964,-1642.9419626548015,,,11.773659332596612,,,-0.7003895310183631,-32.06444693556824,True,Phosphate
DMSO,XOCOKKRWJNSWQZ-UHFFFAOYSA-L,O=P([O-])([O-])C(F)(F)C(F)(F)C(F)(F)F,O=P([O-])([O-])C(F)(F)C(F)(F)C(F)(F)F,anionic,7,1,5,1.0,247.98999999999995,19.790381146,-1380.707941836993,-1380.6553727098508,,,9.346811850248171,,,,,,
DMSO,RXPGWFYNBOAYKD-UHFFFAOYSA-M,[H]C([H])(C(=O)[O-])N(C([H])([H])C([H])([H])[H])S(=O)(=O)C(F)(F)F,CCN(CC(=O)[O-])S(=O)(=O)C(F)(F)F,anionic,3,1,3,0.3,234.17499999999995,9.910001018,-1248.2210305779665,-1248.165664302368,,,10.061328430295324,,,-4.958309940284314,-44.57360860285337,True,Sulphonate
DMSO,KDHKNZMUAYFSHV-UHFFFAOYSA-M,[H]C([H])(C(=O)[O-])C(F)(F)C(F)(F)C(F)(F)C(F)(F)C(F)(F)F,O=C([O-])CC(F)(F)C(F)(F)C(F)(F)C(F)(F)C(F)(F)F,anionic,11,1,7,0.8461538461538461,327.06899999999996,17.782394264,-1516.9618398280093,-1516.8981618692924,,,10.310965687716019,,,-2.7221993525930546,,True,Carboxylate
DMSO,VGFKXVSMDOKOJZ-UHFFFAOYSA-M,[H]C(F)(F)C(F)(F)C(F)(F)C(F)(F)C(=O)[O-],O=C([O-])C(F)(F)C(F)(F)C(F)(F)C(F)F,anionic,8,0,4,0.8888888888888888,245.04499999999996,8.000337011,-1140.596836167692,-1140.5427883491534,,,11.057319589670978,,,-3.18779658584881,-36.05380425435232,True,Carboxylate
DMSO,CSCYIGPJZPXESS-UHFFFAOYSA-M,O=C([O-])C(F)(F)OC(F)(F)C(F)(F)F,O=C([O-])C(F)(F)OC(F)(F)C(F)(F)F,anionic,7,1,5,1.0,229.02699999999996,10.982298962,-1077.293853652,-1077.242304795515,,,11.006543142935964,,,-2.84900683469616,-38.02087499732997,True,Carboxylate
DMSO,NLAGAXIWWHZGCK-UHFFFAOYSA-M,[H]C([H])(C(=O)[O-])C(F)(F)C(F)(F)C(F)(F)F,O=C([O-])CC(F)(F)C(F)(F)C(F)(F)F,anionic,7,1,5,0.7777777777777778,227.05499999999995,15.502975206,-1041.3442234761667,-1041.291728316001,,,10.322258413008104,,,-3.4448805274557555,-42.81451855293584,True,Carboxylate
DMSO,OYQPFWFQTWYFRR-UHFFFAOYSA-M,[H]C(C(=O)[O-])=C([H])C(F)(F)C(F)(F)C(F)(F)C(F)(F)F,O=C([O-])C=CC(F)(F)C(F)(F)C(F)(F)C(F)(F)F,anionic,9,1,6,0.8181818181818182,289.0729999999999,19.022407872,-1317.2313802480755,-1317.170990373132,,,10.03749125594384,,,-2.50831760663996,-39.85137302959107,True,Carboxylate
DMSO,XKPFLKWPESVZJF-UHFFFAOYSA-M,[H]C([H])(C(F)(F)F)C([H])([H])S(=O)(=O)[O-],O=S(=O)([O-])CCC(F)(F)F,anionic,3,1,3,0.42857142857142855,177.123,10.664197647,-1040.3017196122191,-1040.256026509674,,,10.68528551691583,,,-5.258902418130112,-44.52371624633474,True,Sulphonate
DMSO,UDANIBGCYQAQDP-UHFFFAOYSA-M,O=C([O-])C(F)(Cl)Cl,O=C([O-])C(F)(Cl)Cl,anionic,1,0,0,1.0,145.924,6.945081528,-1247.001015994921,-1246.9615290288818,,,10.66270006633166,,,-3.357244803211229,-41.842341362343376,True,Carboxylate
DMSO,SZFMQDYDPKVVQH-UHFFFAOYSA-M,O=C([O-])C(F)(F)OC1(F)C(F)(F)C(F)(F)C(F)(F)C1(F)F,O=C([O-])C(F)(F)OC1(F)C(F)(F)C(F)(F)C(F)(F)C1(F)F,anionic,11,0,5,1.0,341.05199999999996,17.506958794,-1590.991870517223,-1590.9292878185577,,,10.757150787991485,,,-1.820287730208436,,True,Carboxylate
DMSO,PBWZKZYHONABLN-UHFFFAOYSA-M,[H]C(F)(F)C(=O)[O-],O=C([O-])C(F)F,anionic,2,0,1,0.6666666666666666,95.02399999999999,5.732720849,-427.1501050201389,-427.11462007223827,,,10.759490967208638,,,-4.9223244820930665,-46.48801473875523,True,Carboxylate
DMSO,GPKYZQLMEPJAGJ-UHFFFAOYSA-M,[H]C(F)(C(=O)[O-])C(F)(F)F,O=C([O-])C(F)C(F)(F)F,anionic,4,1,3,0.8,145.031,8.138021924,-664.9779516539242,-664.9361998676612,,,10.755708584520447,,,-4.135695361790958,-43.88721286274166,True,Carboxylate
DMSO,VATQVHUYEJLDLJ-UHFFFAOYSA-M,[H]C([H])(C(F)(F)C(F)(F)F)C(F)(F)C(F)(F)S(=O)(=O)[O-],O=S(=O)([O-])C(F)(F)C(F)(F)CC(F)(F)C(F)(F)F,anionic,9,1,6,0.8181818181818182,313.117,12.077468977,-1714.4469089916338,-1714.3863073506598,,,11.222356647252893,,,-2.860473468207198,-35.48587053945351,True,Sulphonate
DMSO,PSSYTNOBLFNLCP-UHFFFAOYSA-M,[H]OP(=O)([O-])OC([H])(F)F,O=P([O-])(O)OC(F)F,anionic,2,0,1,0.6666666666666666,146.993,5.733582406,-881.5695482541508,-881.5278131908931,,,11.288643584148122,,,-3.82490985740068,-44.10519454885254,True,Phosphate
DMSO,MWKSJOWGGNBGFO-UHFFFAOYSA-L,[H]C(F)(OP(=O)([O-])[O-])C(F)(F)F,O=P([O-])([O-])OC(F)C(F)(F)F,anionic,4,1,3,0.8,195.99199999999996,16.873618343,-1118.9016081026148,-1118.8544671720667,,,9.29018495547027,,,,,,
DMSO,GVIXZDGQTOWUQT-UHFFFAOYSA-M,[H]O[C](C(F)(F)C(F)(F)C(F)(F)C(F)(F)[C](F)F)S(=O)(=O)[O-],O=S(=O)([O-])[C](O)C(F)(F)C(F)(F)C(F)(F)C(F)(F)[C](F)F,anionic,10,0,4,1.0,359.117,16.313236022,-1926.8938512754444,-1926.8254962213225,89.08713300000001,89.017563,,,,,,,
DMSO,YJDMCDWHXOSSHI-UHFFFAOYSA-M,O=C([O-])C(F)(C(F)(F)F)C(F)(F)F,O=C([O-])C(F)(C(F)(F)F)C(F)(F)F,anionic,7,2,6,1.0,213.02799999999996,8.109860688,-1002.0645495044952,-1002.0151708739072,,,11.064040802073738,,,-2.7534803576060503,-37.70026917059416,True,Carboxylate
DMSO,CZTBTZZANBJSLY-UHFFFAOYSA-M,O=C([O-])C(F)(F)C(F)(F)C(F)(F)OC(F)(F)F,O=C([O-])C(F)(F)C(F)(F)C(F)(F)OC(F)(F)F,anionic,9,1,6,1.0,279.03399999999993,9.892291054,-1315.1042305386427,-1315.047114380474,,,10.940065726337016,,,-2.4324883393692334,-37.345823359388966,True,Carboxylate
DMSO,MEKDBMKYIWGCOS-UHFFFAOYSA-M,O=C([O-])C(F)(F)OC(F)(C(F)(F)F)C(F)(F)F,O=C([O-])C(F)(F)OC(F)(C(F)(F)F)C(F)(F)F,anionic,9,2,7,1.0,279.03399999999993,14.181170421,-1315.102679650562,-1315.0452940172604,,,10.934160855521636,,,-2.463119829526657,-37.393162614402826,True,Carboxylate
DMSO,XJAAVVLEUZQVNJ-UHFFFAOYSA-L,O=P([O-])([O-])C(F)(F)F,O=P([O-])([O-])C(F)(F)F,anionic,3,1,3,1.0,147.976,8.49795059,-905.0872586079072,-905.0467887192495,,,9.391982751416512,,,,,,
DMSO,KOWUGQHZFIJVCW-UHFFFAOYSA-M,O=P([O-])(OC(F)(F)C(F)(F)F)OC(F)(F)C(F)(F)F,O=P([O-])(OC(F)(F)C(F)(F)F)OC(F)(F)C(F)(F)F,anionic,10,2,8,1.0,332.99399999999997,6.399927496,-1793.547766842844,-1793.4855821100232,,,11.788543960873168,,,-1.3078262284874302,,True,Phosphate
DMSO,OIKDGSCOJRUCTN-UHFFFAOYSA-L,O=P([O-])([O-])OC(F)(F)C(F)(F)C(F)(F)C(F)(F)C(F)(F)F,O=P([O-])([O-])OC(F)(F)C(F)(F)C(F)(F)C(F)(F)C(F)(F)F,anionic,11,1,7,1.0,364.00299999999993,28.819461459,-1931.6032161872915,-1931.536862355532,,,9.397751565300663,,,-13.084930137902084,,True,Phosphate
DMSO,XNPBSAGJBTUTKD-UHFFFAOYSA-M,[H]C([H])(Cl)C(F)(F)C(F)(F)C(F)(F)C(F)(F)C(F)(F)C(=O)[O-],O=C([O-])C(F)(F)C(F)(F)C(F)(F)C(F)(F)C(F)(F)CCl,anionic,10,0,5,0.8333333333333334,343.524,17.756901552,-1877.2558537848183,-1877.1909019699835,,,10.795029037645898,,,-1.4709664477265678,,True,Carboxylate
DMSO,WRDBFXLGIKNQFY-UHFFFAOYSA-M,O=C([O-])C(F)(F)C(F)(F)C(F)(C(F)(F)F)C(F)(F)F,O=C([O-])C(F)(F)C(F)(F)C(F)(C(F)(F)F)C(F)(F)F,anionic,11,2,8,1.0,313.0419999999999,12.810313861,-1477.6736115049337,-1477.612919527892,,,10.995821856755045,,,-1.9570879444107103,,True,Carboxylate
DMSO,XIIFQUNTUAQHKS-UHFFFAOYSA-M,[H]C([H])(C(=O)[O-])N(C([H])([H])C([H])([H])[H])S(=O)(=O)C(F)(F)C(F)(F)C(F)(F)F,CCN(CC(=O)[O-])S(=O)(=O)C(F)(F)C(F)(F)C(F)(F)F,anionic,7,1,5,0.5,334.18899999999996,12.68216949,-1723.8411866793465,-1723.7743146915075,,,10.079233522445184,,,-3.6293546144359072,,True,Sulphonate
DMSO,CAUJPRRJLCIWKU-UHFFFAOYSA-M,O=S(=O)([O-])C(F)(F)C(F)(C(F)(F)F)C(F)(F)C(F)(F)F,O=S(=O)([O-])C(F)(F)C(F)(C(F)(F)F)C(F)(F)C(F)(F)F,anionic,11,2,8,1.0,349.0969999999999,12.00080076,-1912.9415043484155,-1912.8785434154167,,,11.282602656401512,,,-2.468345959040409,,True,Sulphonate
DMSO,ARFJWYBADJBVKC-UHFFFAOYSA-M,O=C([O-])C(F)=C(F)Cl,O=C([O-])C(F)=C(F)Cl,anionic,2,0,0,1.0,141.48000000000002,9.968251527,-924.7704163422172,-924.7295969373754,,,10.524819972223238,,,-4.065711905982068,-43.06684320685081,True,Carboxylate
DMSO,DJXJARQPGKYVNA-UHFFFAOYSA-N,[O-]C(F)(F)F,[O-]C(F)(F)F,anionic,3,1,3,1.0,85.004,1.825625972,-413.10053642745,-413.06820148343274,,,11.994452520596559,,,-3.6703607705658174,-43.80415837516831,True,Carboxylate
DMSO,YOCXVTUVGZFVTK-UHFFFAOYSA-M,[H]C(F)(C(=O)[O-])C(F)(F)C(F)(F)F,O=C([O-])C(F)C(F)(F)C(F)(F)F,anionic,6,1,4,0.8571428571428571,195.03799999999998,11.461090131,-902.788587049382,-902.7406682060891,,,10.737830703756833,,,-3.4340292421151437,-42.049515093988894,True,Carboxylate
DMSO,AGIMOOYNBDLMJV-UHFFFAOYSA-M,O=C([O-])C(F)(F)C(F)(F)OC(F)(F)F,O=C([O-])C(F)(F)C(F)(F)OC(F)(F)F,anionic,7,1,5,1.0,229.02699999999996,10.460785412,-1077.2944961066264,-1077.2430259440705,,,10.934351335225358,,,-3.015509983627857,-38.27597685314478,True,Carboxylate
DMSO,RJGUAQKOHAABLK-UHFFFAOYSA-M,O=S(=O)([O-])C(F)(F)C(F)(F)OC(F)(F)C(F)(F)F,O=S(=O)([O-])C(F)(F)C(F)(F)OC(F)(F)C(F)(F)F,anionic,9,1,6,1.0,315.08899999999994,12.017056736,-1750.3752964033886,-1750.3156602905956,,,11.238656267614243,,,-3.2859184953571643,-35.55287197645078,True,Sulphonate
DMSO,NVBJAOSFGHCYEU-UHFFFAOYSA-L,O=P([O-])([O-])OC(F)(F)C(F)(F)C(F)(F)F,O=P([O-])([O-])OC(F)(F)C(F)(F)C(F)(F)F,anionic,7,1,5,1.0,263.989,21.136248558,-1455.9857548282391,-1455.930778195741,,,9.41796962528143,,,,,,
DMSO,IHLDYSKSKYZLEV-UHFFFAOYSA-M,O=C([O-])C(F)(F)C(F)(OC(F)(F)F)C(F)(F)F,O=C([O-])C(F)(F)C(F)(OC(F)(F)F)C(F)(F)F,anionic,9,2,7,1.0,279.03399999999993,11.524216668,-1315.1041768570904,-1315.0469607116552,,,10.956827940264544,,,-2.426156940488278,-37.21705615370488,True,Carboxylate
DMSO,TZGZPKANENLLJH-UHFFFAOYSA-M,[H]C(F)(C(F)(F)C(F)(F)C(F)(F)F)C(F)(F)S(=O)(=O)[O-],O=S(=O)([O-])C(F)(F)C(F)C(F)(F)C(F)(F)C(F)(F)F,anionic,10,1,6,0.9090909090909091,331.107,14.715819959,-1813.6842647687483,-1813.6220481804216,,,11.188913853556574,,,-3.3941388381421373,,True,Sulphonate
DMSO,JGTNAGYHADQMCM-UHFFFAOYSA-M,O=S(=O)([O-])C(F)(F)C(F)(F)C(F)(F)C(F)(F)F,O=S(=O)([O-])C(F)(F)C(F)(F)C(F)(F)C(F)(F)F,anionic,9,1,6,1.0,299.0899999999999,13.041888185,-1675.1310322711993,-1675.0731813641344,,,11.290847706434048,,,-3.3867343371261214,-35.81562596221363,True,Sulphonate
DMSO,UGZSEVFDTINITD-UHFFFAOYSA-M,[H]C([H])(C(=O)[O-])N(C([H])([H])C([H])([H])[H])S(=O)(=O)C(F)(F)C(F)(F)F,CCN(CC(=O)[O-])S(=O)(=O)C(F)(F)C(F)(F)F,anionic,5,1,4,0.4166666666666667,284.18199999999996,11.718534638,-1486.0318019882159,-1485.9705405393536,,,10.081192742254894,,,-4.138186848532982,-43.31010430490117,True,Sulphonate
DMSO,PCYBDHWNMPLUSI-UHFFFAOYSA-M,[H]OP(=O)([O-])C([H])([H])C(F)(F)F,O=P([O-])(O)CC(F)(F)F,anionic,3,1,3,0.6,163.011,8.447847403,-944.870866622112,-944.8268318235663,,,10.961644355630083,,,-4.000042329972546,-46.805095390458135,True,Phosphate
DMSO,PPWRLPJIHGWGFH-UHFFFAOYSA-M,O=C([O-])C(F)(F)OC(F)(F)C(F)(F)OC(F)(F)F,O=C([O-])C(F)(F)OC(F)(F)C(F)(F)OC(F)(F)F,anionic,9,1,6,1.0,295.03299999999996,15.033486756,-1390.3459949528751,-1390.2866893319865,,,10.936446611966298,,,-2.4282652272493648,-36.81121308455167,True,Carboxylate
DMSO,GZNYHVDZACVWEW-UHFFFAOYSA-M,[H]C(F)(C(F)(F)C(F)(F)F)C(F)(F)C(F)(F)S(=O)(=O)[O-],O=S(=O)([O-])C(F)(F)C(F)(F)C(F)C(F)(F)C(F)(F)F,anionic,10,1,6,0.9090909090909091,331.107,11.887728381,-1813.687069245856,-1813.624967258463,,,11.317025060002686,,,-2.6467913807308365,,True,Sulphonate
DMSO,PPGCZBADXNYOFW-UHFFFAOYSA-M,[H]C([H])(C(F)(F)C(F)(F)C(F)(F)F)S(=O)(=O)[O-],O=S(=O)([O-])CC(F)(F)C(F)(F)C(F)(F)F,anionic,7,1,5,0.7777777777777778,263.11,14.757230011,-1476.6240360690615,-1476.5693831009764,,,10.799682184693964,,,-4.493541692697975,-42.04617398977176,True,Sulphonate
DMSO,YUBDPGKNGXILBQ-UHFFFAOYSA-M,O=C([O-])C(F)(F)C(F)(F)C(F)(F)OC(F)(F)C(F)(F)F,O=C([O-])C(F)(F)C(F)(F)C(F)(F)OC(F)(F)C(F)(F)F,anionic,11,1,7,1.0,329.04099999999994,10.838251199,-1552.914831208122,-1552.8521284811557,,,10.912527803456076,,,-1.8116055654950216,,True,Carboxylate
DMSO,UVLNQGHDUGHTGV-UHFFFAOYSA-M,[H]C([H])(C(=O)[O-])C(F)(F)C(F)(F)F,O=C([O-])CC(F)(F)C(F)(F)F,anionic,5,1,4,0.7142857142857143,177.04799999999997,9.905753129,-803.5344532723515,-803.4882322552045,,,10.370177664187288,,,-3.927527250976191,-44.28600563008613,True,Carboxylate
DMSO,PCZBVJHXWDEHIZ-UHFFFAOYSA-M,O=C([O-])C(F)(F)C(F)(F)OC(F)(F)C(F)(F)F,O=C([O-])C(F)(F)C(F)(F)OC(F)(F)C(F)(F)F,anionic,9,1,6,1.0,279.03399999999993,12.306453502,-1315.1058435959283,-1315.0483016687317,,,10.91005156730769,,,-0.7558007897135269,-35.52091583296692,True,Carboxylate
DMSO,BLIMGOMLLSPDPB-UHFFFAOYSA-M,[H]C(OC(F)(F)C(F)(F)C(F)(F)F)(C(=O)[O-])C(F)(F)F,O=C([O-])C(OC(F)(F)C(F)(F)C(F)(F)F)C(F)(F)F,anionic,10,2,8,0.9090909090909091,311.05099999999993,13.492426061,-1453.662957115877,-1453.6013996352076,,,10.658944895029713,,,-2.024459077513203,,True,Carboxylate
DMSO,XBBMOKHJZGLJPZ-UHFFFAOYSA-M,O=C([O-])C(F)(F)OC(F)([C](F)F)C(F)(F)C(F)(F)[C](F)F,O=C([O-])C(F)(F)OC(F)([C](F)F)C(F)(F)C(F)(F)[C](F)F,anionic,11,0,3,1.0,341.05199999999996,14.660972955,-1590.865669297968,-1590.7980292076236,24.887890000000002,24.802663,,,,,,,
DMSO,LRMSQVBRUNSOJL-UHFFFAOYSA-M,O=C([O-])C(F)(F)C(F)(F)F,O=C([O-])C(F)(F)C(F)(F)F,anionic,5,1,4,1.0,163.021,7.755482692,-764.2418373225017,-764.1983731482272,,,10.999549816670743,,,-3.487681948719435,-40.35796463288017,True,Carboxylate
DMSO,LYCAGOQDEOWYGS-UHFFFAOYSA-M,O=S(=O)([O-])C(F)=C(F)F,O=S(=O)([O-])C(F)=C(F)F,anionic,3,0,0,1.0,161.07999999999998,7.315567613,-999.7434426906377,-999.7010642862584,,,11.05710189858101,,,-5.479413290315727,-40.87920864866274,True,Sulphonate
DMSO,CYBUTIZIMGHPHI-UHFFFAOYSA-N,[O-]C(F)(F)C(F)(F)C(F)(F)C(F)(F)C(F)(F)F,[O-]C(F)(F)C(F)(F)C(F)(F)C(F)(F)C(F)(F)F,anionic,11,1,7,1.0,285.0319999999999,11.269931989,-1364.3411943173626,-1364.2838389739222,,,11.496429729522486,,,-0.9278125606542454,-34.52963753504271,True,Carboxylate
DMSO,HFMSVIJSHKDNIA-UHFFFAOYSA-M,[H]OC(C(F)(F)[C](F)F)(C(F)(F)C(F)(F)[C](F)F)S(=O)(=O)[O-],O=S(=O)([O-])C(O)(C(F)(F)[C](F)F)C(F)(F)C(F)(F)[C](F)F,anionic,10,0,3,1.0,359.117,5.100579958,-1926.8773204921008,-1926.8097065497263,89.094434,89.05141200000001,,,,,,,
DMSO,DXYPAJRMJLAAGF-UHFFFAOYSA-M,[H]C(F)(OC(F)(OC(F)(F)F)C(F)(F)F)C(F)(F)S(=O)(=O)[O-],O=S(=O)([O-])C(F)(F)C(F)OC(F)(OC(F)(F)F)C(F)(F)F,anionic,10,2,7,0.9090909090909091,363.105,14.900837234,-1964.163256365594,-1964.0973958023767,,,11.164314760390202,,,-3.221526718509901,,True,Sulphonate
DMSO,FADHOJAGVOBODO-UHFFFAOYSA-M,O=S(=O)([O-])C(F)(F)C(F)(F)C(F)(F)OC(F)(F)C(F)(F)F,O=S(=O)([O-])C(F)(F)C(F)(F)C(F)(F)OC(F)(F)C(F)(F)F,anionic,11,1,7,1.0,365.09599999999995,12.496454025,-1988.1844895394647,-1988.1190686755413,,,11.249431976567653,,,-1.691432969155394,,True,Sulphonate
DMSO,MPAJVPJYAATCNW-UHFFFAOYSA-M,O=S(=O)([O-])C(F)(F)C(F)(F)C(F)(F)C(F)(F)OC(F)(F)F,O=S(=O)([O-])C(F)(F)C(F)(F)C(F)(F)C(F)(F)OC(F)(F)F,anionic,11,1,7,1.0,365.09599999999995,15.661493695,-1988.1814668563727,-1988.1163052435888,,,11.2820040059041,,,-3.0480642869294687,,True,Sulphonate
DMSO,OIWSLZLRJPXISB-UHFFFAOYSA-M,O=C([O-])C(F)(F)C(C(F)(F)F)(C(F)(F)F)C(F)(F)F,O=C([O-])C(F)(F)C(C(F)(F)F)(C(F)(F)F)C(F)(F)F,anionic,11,3,10,1.0,313.0419999999999,11.346854702,-1477.6922072817993,-1477.632351075148,,,10.980910017092242,,,-1.899567089059954,,True,Carboxylate
DMSO,SCJDDYJSXILABG-UHFFFAOYSA-M,O=S(=O)([O-])C(F)(F)OC(F)(F)C(F)(F)C(F)(F)C(F)(F)F,O=S(=O)([O-])C(F)(F)OC(F)(F)C(F)(F)C(F)(F)C(F)(F)F,anionic,11,1,7,1.0,365.09599999999995,14.337981148,-1988.1837193625263,-1988.1182611394856,,,11.247309488440466,,,-2.8367889722421844,,True,Sulphonate
DMSO,FVXKNJAEFOHBME-UHFFFAOYSA-M,O=C([O-])C(F)([C](F)F)C(F)(F)C(F)(F)[C](F)F,O=C([O-])C(F)([C](F)F)C(F)(F)C(F)(F)[C](F)F,anionic,9,0,2,1.0,275.04599999999994,8.201090326,-1277.8253708115856,-1277.765255509608,24.879643,24.81501,,,,,,,
DMSO,KCZIAIJJDOASNM-UHFFFAOYSA-L,O=P([O-])([O-])C(F)(F)C(F)(F)C(F)(F)C(F)(F)C(F)(F)F,O=P([O-])([O-])C(F)(F)C(F)(F)C(F)(F)C(F)(F)C(F)(F)F,anionic,11,1,7,1.0,348.00399999999996,27.456715654,-1856.325900103515,-1856.2618403512347,,,9.284470564358614,,,-13.308282917712331,,True,Phosphate
DMSO,DRVMZMGCPWFDBI-UHFFFAOYSA-M,[H]OP(=O)([O-])OC([H])([H])C(F)(F)F,O=P([O-])(O)OCC(F)(F)F,anionic,3,1,3,0.6,179.00999999999996,9.803499017,-1020.1199806473696,-1020.073673769201,,,10.981563090362148,,,-3.513604999706461,-45.69018437404431,True,Phosphate
DMSO,LDZUATJHNVKUFE-UHFFFAOYSA-M,[H]C(F)(C(F)(F)C(F)(F)C(F)(F)C(F)(F)F)S(=O)(=O)[O-],O=S(=O)([O-])C(F)C(F)(F)C(F)(F)C(F)(F)C(F)(F)F,anionic,10,1,6,0.9090909090909091,331.107,14.526083439,-1813.6786257279527,-1813.616682270584,,,11.046081287151384,,,-3.5004409800713194,,True,Sulphonate
DMSO,OAWAZQITIZDJRB-UHFFFAOYSA-M,O=C([O-])C(F)(F)Cl,O=C([O-])C(F)(F)Cl,anionic,2,0,1,1.0,129.469,6.394433947,-886.7138604332055,-886.6755886915074,,,10.836580824443523,,,-3.789592354278223,-42.226006460657146,True,Carboxylate
DMSO,TWKROPVRPFHDSN-UHFFFAOYSA-M,O=S(=O)([O-])C(F)(F)Cl,O=S(=O)([O-])C(F)(F)Cl,anionic,2,0,1,1.0,165.524,5.730430246,-1321.9859557298964,-1321.945070356713,,,11.215907548712595,,,-4.916161178271328,-40.52511160133982,True,Sulphonate
DMSO,ACEKLXZRZOWKRY-UHFFFAOYSA-M,O=S(=O)([O-])C(F)(F)C(F)(F)C(F)(F)C(F)(F)C(F)(F)F,O=S(=O)([O-])C(F)(F)C(F)(F)C(F)(F)C(F)(F)C(F)(F)F,anionic,11,1,7,1.0,349.0969999999999,16.128542014,-1912.9402072330383,-1912.876599773923,,,11.290874917820291,,,-2.9716313453597487,-34.84049927880662,True,Sulphonate
DMSO,KSNKQSPJFRQSEI-UHFFFAOYSA-M,[H]C([H])(C(=O)[O-])C(F)(F)F,O=C([O-])CC(F)(F)F,anionic,3,1,3,0.6,127.04100000000001,8.72300369,-565.7239208119685,-565.6838861957314,,,10.382259519680506,,,-4.606234029284193,-46.407206601785866,True,Carboxylate
DMSO,NCEMUOYFYLEORV-UHFFFAOYSA-L,[H]C(F)(F)P(=O)([O-])[O-],O=P([O-])([O-])C(F)F,anionic,2,0,1,0.6666666666666666,129.986,7.937591796,-805.8016522934497,-805.7627900312026,,,9.223898018575044,,,,,,
DMSO,KRBNWYYINLFKND-UHFFFAOYSA-M,[H]C(C(=O)[O-])=C([H])C(F)(F)C(F)(F)C(F)(F)F,O=C([O-])C=CC(F)(F)C(F)(F)C(F)(F)F,anionic,7,1,5,0.7777777777777778,239.06599999999995,16.204168452,-1079.422512134166,-1079.367856834144,,,10.041137581700802,,,-2.8389520362672744,-40.85669676812589,True,Carboxylate
DMSO,SFEBPWPPVGRFOA-UHFFFAOYSA-M,O=S([O-])C(F)(F)F,O=S([O-])C(F)(F)F,anionic,3,1,3,1.0,133.07,4.966876423,-886.4349767658802,-886.3962105221157,,,9.740832723090078,,,-4.643926426826328,-41.983259314360446,True,Sulphonate
DMSO,LTYHCZUOHYPAFF-UHFFFAOYSA-M,O=S(=O)([O-])C(Cl)=C(F)F,O=S(=O)([O-])C(Cl)=C(F)F,anionic,2,0,0,1.0,177.53499999999997,7.900466543,-1360.049993751531,-1360.0067148724916,,,10.829288172929598,,,-5.1749827205061125,-41.43326054986558,True,Sulphonate
DMSO,PXUULQAPEKKVAH-UHFFFAOYSA-M,O=C([O-])C(F)(F)C(F)(F)C(F)(F)C(F)(F)C(F)(F)F,O=C([O-])C(F)(F)C(F)(F)C(F)(F)C(F)(F)C(F)(F)F,anionic,11,1,7,1.0,313.0419999999999,16.865793368,-1477.6705909633972,-1477.609309135558,,,10.958732737301762,,,-1.8652459698925972,-36.766783421964,True,Carboxylate
DMSO,KUDOWPKHZOGSHN-UHFFFAOYSA-M,O=P([O-])(OC(F)(F)F)OC(F)(F)F,O=P([O-])(OC(F)(F)F)OC(F)(F)F,anionic,6,2,6,1.0,232.97999999999996,5.547482924,-1317.9328913007116,-1317.8823301105897,,,11.930233649056026,,,-1.6767631717780145,-33.75900257151024,True,Phosphate
DMSO,SYWZQJRYOQITAK-UHFFFAOYSA-M,[H]C([H])(C(F)(F)C(F)(F)C(F)(F)F)C([H])([H])S(=O)(=O)[O-],O=S(=O)([O-])CCC(F)(F)C(F)(F)C(F)(F)F,anionic,7,1,5,0.6363636363636364,277.137,18.05546202,-1515.9222841322314,-1515.8646703355153,,,10.642563640509628,,,-3.9605942448122815,-41.91102758561178,True,Sulphonate
DMSO,JZHDEEOTEUVLHR-UHFFFAOYSA-M,[H]C(F)(F)C(F)(F)C(F)(F)C(F)(F)C(F)(F)C(F)(F)C(=O)[O-],O=C([O-])C(F)(F)C(F)(F)C(F)(F)C(F)(F)C(F)(F)C(F)F,anionic,12,0,6,0.9230769230769231,345.059,16.856007714,-1616.2134042920643,-1616.1476842298673,,,10.969562869027666,,,-1.358530767908806,,True,Carboxylate
DMSO,FIARMZDBEGVMLV-UHFFFAOYSA-N,[O-]C(F)(F)C(F)(F)F,[O-]C(F)(F)C(F)(F)F,anionic,5,1,4,1.0,135.011,4.738093595,-650.9118010560184,-650.8725505025092,,,11.592377077425839,,,-2.7388165178593447,-39.75948151309978,True,Carboxylate
DMSO,VTXSVMHCHVIRJR-UHFFFAOYSA-M,O=C([O-])C1(F)C(F)(F)C(F)(F)C(F)(F)C(F)(F)C1(F)F,O=C([O-])C1(F)C(F)(F)C(F)(F)C(F)(F)C(F)(F)C1(F)F,anionic,11,0,5,1.0,325.05299999999994,12.478595716,-1515.76632903,-1515.7061033833545,,,10.895901646459777,,,-1.6797515600000206,,True,Carboxylate
DMSO,PSSYTNOBLFNLCP-UHFFFAOYSA-L,[H]C(F)(F)OP(=O)([O-])[O-],O=P([O-])([O-])OC(F)F,anionic,2,0,1,0.6666666666666666,145.98499999999999,8.678960339,-881.0866134243028,-881.0454225634969,,,9.373315740451764,,,,,,
DMSO,FXYLSRYYWBTXOZ-UHFFFAOYSA-M,[H]C([H])(Cl)C(F)(F)C(F)(F)C(F)(F)C(=O)[O-],O=C([O-])C(F)(F)C(F)(F)C(F)(F)CCl,anionic,6,0,3,0.75,243.50999999999996,9.306919514,-1401.6370212250033,-1401.5839328290285,,,10.861941836424784,,,-2.1967966625180915,-37.99510564516277,True,Carboxylate
DMSO,SLUFQUXLPWNKQH-UHFFFAOYSA-M,O=C([O-])C(F)(F)O[C](F)C(F)(F)C(F)(F)C(F)(F)[C](F)F,O=C([O-])C(F)(F)O[C](F)C(F)(F)C(F)(F)C(F)(F)[C](F)F,anionic,11,0,4,1.0,341.05199999999996,10.614407362,-1590.8744606332507,-1590.8069853477464,24.879235,24.809777,,,,,,,
DMSO,ONAFLXCOZSGMCX-UHFFFAOYSA-M,O=S(=O)([O-])C(F)(F)OC(F)(F)OC(F)(F)OC(F)(F)F,O=S(=O)([O-])C(F)(F)OC(F)(F)OC(F)(F)OC(F)(F)F,anionic,9,1,6,1.0,347.087,13.22599683,-1900.8533103211569,-1900.790247857512,,,11.256860685012807,,,-4.588176296634521,,True,Sulphonate
DMSO,SHNQYTPHWFEYDO-UHFFFAOYSA-M,O=C([O-])C(F)(F)OF,O=C([O-])C(F)(F)OF,anionic,3,0,1,1.0,129.013,4.37675766,-601.7065381646419,-601.6633626700489,,,11.650038004881088,,,,,,
DMSO,QXQNEIFHTSUFRH-UHFFFAOYSA-M,[H]C([H])([H])N(C([H])([H])C(=O)[O-])S(=O)(=O)C(F)(F)C(F)(F)C(F)(F)F,CN(CC(=O)[O-])S(=O)(=O)C(F)(F)C(F)(F)C(F)(F)F,anionic,7,1,5,0.5833333333333334,320.1619999999999,13.103244641,-1684.54817812813,-1684.4834641767911,,,10.064267260009892,,,-3.8418205565157617,,True,Sulphonate
DMSO,MWKSJOWGGNBGFO-UHFFFAOYSA-M,[H]OP(=O)([O-])OC([H])(F)C(F)(F)F,O=P([O-])(O)OC(F)C(F)(F)F,anionic,4,1,3,0.8,196.99999999999997,9.560554033,-1119.3862118989218,-1119.338335951268,,,11.246982951805514,,,-3.129125492024804,-42.447667818195626,True,Phosphate
DMSO,OYDQUWMGMJCMDD-UHFFFAOYSA-N,[O-]C(F)(F)C(F)(F)C(F)(F)F,[O-]C(F)(F)C(F)(F)C(F)(F)F,anionic,7,1,5,1.0,185.01799999999997,6.788566541,-888.7227982537513,-888.6772892018146,,,11.522824774181094,,,-2.05741683888364,-37.40507061915224,True,Carboxylate
DMSO,SJKDXZGLKADOQD-UHFFFAOYSA-M,O=C([O-])C(F)(F)OC(F)(F)OC(F)(F)OC(F)(F)F,O=C([O-])C(F)(F)OC(F)(F)OC(F)(F)OC(F)(F)F,anionic,9,1,6,1.0,311.0319999999999,14.895884,-1465.584477003153,-1465.5238446898893,,,10.917888446546534,,,-3.082317553205918,,True,Carboxylate
DMSO,AZLUIEGTKBIKSG-UHFFFAOYSA-M,[H]C(F)(C(F)(F)F)C(F)(F)C(=O)[O-],O=C([O-])C(F)(F)C(F)C(F)(F)F,anionic,6,1,4,0.8571428571428571,195.03799999999998,8.781086428,-902.7951731876789,-902.7471309889571,,,10.888173612765916,,,-3.081333743276065,-39.96522479623685,True,Carboxylate
DMSO,IMILTAXUBRRCKD-UHFFFAOYSA-M,O=S(=O)([O-])C(F)(Cl)Cl,O=S(=O)([O-])C(F)(Cl)Cl,anionic,1,0,0,1.0,181.979,6.38207649,-1682.2739043374363,-1682.23190626324,,,11.063523785735061,,,-4.547355257264922,-40.81212954423809,True,Sulphonate
DMSO,JHODGINZNYIFEH-UHFFFAOYSA-M,[H]C([H])(F)C([H])([H])C([H])([H])S(=O)(=O)[O-],O=S(=O)([O-])CCCF,anionic,1,0,0,0.14285714285714285,141.143,9.354730578,-841.7504385445458,-841.7072933853431,,,10.621093856761544,,,-6.073977484716987,-47.88656691932768,True,Sulphonate
DMSO,BXQSCQMQMFXNIO-UHFFFAOYSA-N,[O-]C(F)(F)C(F)(F)C(F)(F)C(F)(F)F,[O-]C(F)(F)C(F)(F)C(F)(F)C(F)(F)F,anionic,9,1,6,1.0,235.02499999999995,8.258101215,-1126.53243302293,-1126.4809167441745,,,11.498742697353395,,,-1.4152670166319568,-35.5145624618003,True,Carboxylate
DMSO,WSGMNLHBXJEIAE-UHFFFAOYSA-M,[H]C(F)(Cl)C(F)(F)S(=O)(=O)[O-],O=S(=O)([O-])C(F)(F)C(F)Cl,anionic,3,0,1,0.75,197.541,8.018498122,-1460.5357553759843,-1460.4901079768626,,,11.154328181637924,,,-4.496580236484674,-40.49881710852324,True,Sulphonate
DMSO,ACPUHIQZFSBBGQ-UHFFFAOYSA-M,[H]C(F)(F)C(F)(F)C(F)(F)C(=O)[O-],O=C([O-])C(F)(F)C(F)(F)C(F)F,anionic,6,0,3,0.8571428571428571,195.03799999999998,7.416138056,-902.7863103406696,-902.7381589400611,,,11.063823110983769,,,-2.7502222682538284,-37.44432004924821,True,Carboxylate
DMSO,QTBSBXVTEAMEQO-UHFFFAOYSA-M,[H]C([H])([H])C(=O)[O-],CC(=O)[O-],anionic,0,0,0,0.0,59.044000000000004,4.570676435,-228.61868156699848,-228.5867189475995,,,10.074798066487089,,,-6.160077062700139,-52.53843633384013,True,Carboxylate
DMSO,XJAAVVLEUZQVNJ-UHFFFAOYSA-M,[H]OP(=O)([O-])C(F)(F)F,O=P([O-])(O)C(F)(F)F,anionic,3,1,3,1.0,148.98399999999998,5.461555772,-905.5684659728256,-905.5271350647114,,,11.441598786236819,,,-3.644096289490213,-43.77737842877672,True,Phosphate
DMSO,IIJWIPPCXINBOZ-UHFFFAOYSA-M,[H]C(F)(Cl)C(F)(F)C(=O)[O-],O=C([O-])C(F)(F)C(F)Cl,anionic,3,0,1,0.75,161.486,8.741439349,-1025.2646570313502,-1025.2214958949633,,,10.744824030022052,,,-3.454539454370942,-41.52864376044648,True,Carboxylate
DMSO,UIVKVKAFPRQEQD-UHFFFAOYSA-M,[H]C([H])(C(F)(F)C(F)(F)C([H])(F)C(F)(F)F)C([H])([H])S(=O)(=O)[O-],O=S(=O)([O-])CCC(F)(F)C(F)(F)C(F)C(F)(F)F,anionic,8,1,5,0.6153846153846154,309.154,16.556074511,-1654.4753326629257,-1654.4137809102292,,,10.579868606598872,,,-3.642433751192216,-39.86732492885236,True,Sulphonate
DMSO,XOCOKKRWJNSWQZ-UHFFFAOYSA-M,[H]OP(=O)([O-])C(F)(F)C(F)(F)C(F)(F)F,O=P([O-])(O)C(F)(F)C(F)(F)C(F)(F)F,anionic,7,1,5,1.0,248.99799999999993,7.083559887,-1381.1897548195184,-1381.1362323531098,,,11.424319555970618,,,-2.4933296319450715,-40.26611453700566,True,Phosphate
DMSO,IHPWVGWUNMKDHG-UHFFFAOYSA-M,O=S(=O)([O-])C(F)(OC(F)(F)F)C(F)(F)F,O=S(=O)([O-])C(F)(OC(F)(F)F)C(F)(F)F,anionic,7,2,6,1.0,265.08199999999994,7.392122506,-1512.5645746407388,-1512.5107799452967,,,11.288180990581939,,,-3.743073466890329,-35.64762396991856,True,Sulphonate
DMSO,VOXZZGGCSYUKFW-UHFFFAOYSA-M,[H]OC([C](F)F)(C(F)(F)C(F)(F)C(F)(F)[C](F)F)S(=O)(=O)[O-],O=S(=O)([O-])C(O)([C](F)F)C(F)(F)C(F)(F)C(F)(F)[C](F)F,anionic,10,0,3,1.0,359.117,11.055095608,-1926.8757618394109,-1926.8076539985657,89.08801000000001,89.02310800000001,,,,,,,
DMSO,KYPWHXRHVCYESU-UHFFFAOYSA-M,O=C([O-])C(F)(F)C(F)(C(F)(F)F)C(F)(F)F,O=C([O-])C(F)(F)C(F)(C(F)(F)F)C(F)(F)F,anionic,9,2,7,1.0,263.03499999999997,11.016763346,-1239.8673969428855,-1239.8124104361427,,,10.983250196309397,,,-2.423263338248716,-37.08417189929396,True,Carboxylate
DMSO,FEPQOROVVLZNPA-UHFFFAOYSA-M,O=S(=O)([O-])C(F)(C(F)(F)[C](F)F)C(F)(F)[C](F)F,O=S(=O)([O-])C(F)(C(F)(F)[C](F)F)C(F)(F)[C](F)F,anionic,9,0,2,1.0,311.10099999999994,6.8747727,-1713.089526731541,-1713.027462874865,89.09325700000001,89.040968,,,,,,,
DMSO,DZORWYMMIATBBT-UHFFFAOYSA-M,O=C([O-])[C](F)C(F)(F)C(F)(F)C(F)(F)[C](F)F,O=C([O-])[C](F)C(F)(F)C(F)(F)C(F)(F)[C](F)F,anionic,9,0,3,1.0,275.04599999999994,10.309919179,-1277.830768328244,-1277.7709659649747,24.875087,24.805614000000002,,,,,,,
DMSO,GKNWQHIXXANPTN-UHFFFAOYSA-M,O=S(=O)([O-])C(F)(F)C(F)(F)F,O=S(=O)([O-])C(F)(F)C(F)(F)F,anionic,5,1,4,1.0,199.07599999999996,7.035018961,-1199.512242360666,-1199.466284997968,,,11.305922814414323,,,-4.486185504485348,-38.23536187407768,True,Sulphonate
DMSO,GIPRQSBAVJUXLY-UHFFFAOYSA-M,[H]C([H])(Cl)C(F)(F)C(F)(F)OC(F)(F)C(=O)[O-],O=C([O-])C(F)(F)OC(F)(F)C(F)(F)CCl,anionic,6,0,3,0.75,259.50899999999996,9.269600264,-1476.881116498523,-1476.8254811596516,,,10.844009532888679,,,-1.9198710300519612,-36.02960366904936,True,Carboxylate
DMSO,VQKMJXAMQVPHHB-UHFFFAOYSA-M,O=C([O-])C(F)(F)C(F)(F)C(F)(F)C(F)(F)Cl,O=C([O-])C(F)(F)C(F)(F)C(F)(F)C(F)(F)Cl,anionic,8,0,4,1.0,279.48999999999995,15.398636917,-1600.1451745935608,-1600.0887320148768,,,10.707979813044984,,,-1.5885458768546783,-38.09692512973305,True,Carboxylate
DMSO,KXSUVOSIUJMGTK-UHFFFAOYSA-M,[H]C(F)(C(F)(F)C(=O)[O-])C(F)(F)C(F)(F)C(F)(F)C(F)(F)F,O=C([O-])C(F)(F)C(F)C(F)(F)C(F)(F)C(F)(F)C(F)(F)F,anionic,12,1,7,0.9230769230769231,345.0589999999999,17.529734628,-1616.2233117553747,-1616.157847125888,,,10.86583306465796,,,-1.5474959584375887,,True,Carboxylate
DMSO,LJTUHCJGGCJGFB-UHFFFAOYSA-L,O=P([O-])([O-])OC(F)(F)C(F)(F)C(F)(F)C(F)(F)F,O=P([O-])([O-])OC(F)(F)C(F)(F)C(F)(F)C(F)(F)F,anionic,9,1,6,1.0,313.9959999999999,25.041400516,-1693.7948975037864,-1693.7343002570149,,,9.391629003395314,,,,,,
DMSO,AKFNVAIJIOUJBF-UHFFFAOYSA-N,[O-]C(F)(F)C(F)(F)C(F)(F)C(F)(F)C(F)(F)C(F)(F)F,[O-]C(F)(F)C(F)(F)C(F)(F)C(F)(F)C(F)(F)C(F)(F)F,anionic,13,1,8,1.0,335.03899999999993,13.552922959,-1602.1503719720624,-1602.0872513873398,,,11.459258975910465,,,-0.4436777158325977,,True,Carboxylate
DMSO,ITMCEJHCFYSIIV-UHFFFAOYSA-M,O=S(=O)([O-])C(F)(F)F,O=S(=O)([O-])C(F)(F)F,anionic,3,1,3,1.0,149.069,4.715405758,-961.7010654692083,-961.6613398046281,,,11.34080781158168,,,-5.306661501913984,-40.350628564519575,True,Sulphonate
DMSO,GKGNYGDOWLMWSY-UHFFFAOYSA-M,[H]OP(=O)([O-])C([H])(F)C(F)(F)F,O=P([O-])(O)C(F)C(F)(F)F,anionic,4,1,3,0.8,181.00099999999998,7.036064392,-1044.1180228207188,-1044.072087518626,,,11.19843783874267,,,-3.50828672334393,-44.53189375011368,True,Phosphate
DMSO,SJCUDPIQQGYMBN-UHFFFAOYSA-M,O=C([O-])C(F)(F)OC(F)(F)OC(F)(F)C(F)(F)C(F)(F)F,O=C([O-])C(F)(F)OC(F)(F)OC(F)(F)C(F)(F)C(F)(F)F,anionic,11,1,7,1.0,345.03999999999996,13.440836078,-1628.1541315279885,-1628.089306593226,,,10.99633887309372,,,-1.9689219586287008,,True,Carboxylate
DMSO,GCVRYQSRTHJORT-UHFFFAOYSA-M,O=S(=O)([O-])C(F)(F)OC(F)(F)C(F)(F)C(F)(F)F,O=S(=O)([O-])C(F)(F)OC(F)(F)C(F)(F)C(F)(F)F,anionic,9,1,6,1.0,315.08899999999994,12.860942967,-1750.3722881370281,-1750.312531167626,,,11.286657152952165,,,-3.221448564852032,-35.30910671038865,True,Sulphonate
DMSO,XLWUDBRTNPGWDQ-UHFFFAOYSA-L,O=P([O-])([O-])C(F)(F)C(F)(F)F,O=P([O-])([O-])C(F)(F)C(F)(F)F,anionic,5,1,4,1.0,197.98299999999998,13.569844816,-1142.8989180477995,-1142.8522203743883,,,9.354186135920834,,,,,,
DMSO,TVRVUUMIIHNSHE-UHFFFAOYSA-M,[H]C(F)(C(F)(F)OC(F)(F)F)C(F)(F)OC(F)(F)C(=O)[O-],O=C([O-])C(F)(F)OC(F)(F)C(F)C(F)(F)OC(F)(F)F,anionic,10,1,6,0.9090909090909091,327.05,12.084800294,-1528.900249342541,-1528.8371987772414,,,11.018679421201673,,,-1.651257861906838,,True,Carboxylate
DMSO,CRXCJCHFWGLUBT-UHFFFAOYSA-M,O=S(=O)([O-])C(F)(F)OC(F)(F)C(F)(F)F,O=S(=O)([O-])C(F)(F)OC(F)(F)C(F)(F)F,anionic,7,1,5,1.0,265.08199999999994,11.854671614,-1512.5653769018777,-1512.5111781679946,,,11.252806188462154,,,-4.048035652632483,-36.83619009724873,True,Sulphonate
DMSO,YPJUNDFVDDCYIH-UHFFFAOYSA-M,O=C([O-])C(F)(F)C(F)(F)C(F)(F)F,O=C([O-])C(F)(F)C(F)(F)C(F)(F)F,anionic,7,1,5,1.0,213.02799999999996,8.977953801,-1002.0522963875908,-1002.0027988528144,,,10.999876353305696,,,-2.835560216117869,-38.682225794997926,True,Carboxylate
DMSO,BRPIPWKSQOYFMA-UHFFFAOYSA-M,[H]OC1(S(=O)(=O)[O-])C(F)(F)C(F)(F)C(F)(F)C(F)(F)C1(F)F,O=S(=O)([O-])C1(O)C(F)(F)C(F)(F)C(F)(F)C(F)(F)C1(F)F,anionic,10,0,5,1.0,359.11699999999996,10.33924723,-1927.013279061566,-1926.9508608771876,,,11.339692144745595,,,-2.9878992558600985,,True,Sulphonate
DMSO,SYVKUJFUUJACEF-UHFFFAOYSA-M,O=S(=O)([O-])C(F)(F)OC(F)(C(F)(F)F)C(F)(F)F,O=S(=O)([O-])C(F)(F)OC(F)(C(F)(F)F)C(F)(F)F,anionic,9,2,7,1.0,315.08899999999994,13.625042291,-1750.3743108347865,-1750.3145586644116,,,11.232152746301452,,,-3.610945430774647,-36.20459726326384,True,Sulphonate
DMSO,DMOBTBZPQXBGRE-UHFFFAOYSA-M,[H]C(F)(C(F)(F)F)C(F)(F)S(=O)(=O)[O-],O=S(=O)([O-])C(F)(F)C(F)C(F)(F)F,anionic,6,1,4,0.8571428571428571,231.093,9.519579862,-1338.0654540514472,-1338.015009812039,,,11.229268339359376,,,-4.246612708192514,-38.78775959172955,True,Sulphonate
DMSO,PRYVISBVTXTQOO-UHFFFAOYSA-L,O=P([O-])([O-])OC(F)(F)C(F)(F)F,O=P([O-])([O-])OC(F)(F)C(F)(F)F,anionic,5,1,4,1.0,213.98199999999997,14.412123481,-1218.1721028040065,-1218.123032499326,,,9.459194875444101,,,,,,
DMSO,DFXIGNRYXLVEDF-UHFFFAOYSA-M,[H]C(F)(C(F)(F)F)S(=O)(=O)[O-],O=S(=O)([O-])C(F)C(F)(F)F,anionic,4,1,3,0.8,181.08599999999998,7.541334785,-1100.2509970628353,-1100.206654095458,,,11.086490195726675,,,-5.111194158914427,-41.84990238262981,True,Sulphonate
DMSO,KVQPTMRJUGXQHT-UHFFFAOYSA-M,O=S(=O)([O-])C(F)(F)C(F)(F)OC(F)(F)F,O=S(=O)([O-])C(F)(F)C(F)(F)OC(F)(F)F,anionic,7,1,5,1.0,265.08199999999994,10.020294402,-1512.5641080853684,-1512.5102486169621,,,11.245050943382049,,,-4.0153357814352,-36.7049069881569,True,Sulphonate
DMSO,MAYCVDQHBUQQFH-UHFFFAOYSA-M,O=C([O-])C(F)(OC(F)(F)C(F)(F)F)C(F)(F)F,O=C([O-])C(F)(OC(F)(F)C(F)(F)F)C(F)(F)F,anionic,9,2,7,1.0,279.03399999999993,9.773340533,-1315.1106062039748,-1315.0530139793518,,,10.979522236393697,,,-2.0662855259033432,-36.184582558208994,True,Carboxylate
DMSO,AUBOIAPNLUHLAF-UHFFFAOYSA-M,[H]OP(=O)([O-])C(F)(F)C(F)(F)C(F)(F)C(F)(F)F,O=P([O-])(O)C(F)(F)C(F)(F)C(F)(F)C(F)(F)F,anionic,9,1,6,1.0,299.00499999999994,11.604586068,-1618.9987199051277,-1618.9393455921847,,,11.422115433684692,,,-1.8294397616201543,-39.01926067409261,True,Phosphate
DMSO,TXGIGTRUEITPSC-UHFFFAOYSA-M,[H]C([H])(C(F)(F)C(F)(F)C(F)(F)C(F)(F)F)C([H])([H])S(=O)(=O)[O-],O=S(=O)([O-])CCC(F)(F)C(F)(F)C(F)(F)C(F)(F)F,anionic,9,1,6,0.6923076923076923,327.144,20.742908254,-1753.73113569456,-1753.6677267925775,,,10.634536281567064,,,-3.745390558071536,-41.19839071036357,True,Sulphonate
DMSO,HWFPEKMIHWSKHB-UHFFFAOYSA-M,[H]C(F)(C(=O)[O-])C(F)(F)C(F)(F)C(F)(F)C(F)(F)C(F)(F)F,O=C([O-])C(F)C(F)(F)C(F)(F)C(F)(F)C(F)(F)C(F)(F)F,anionic,12,1,7,0.9230769230769231,345.05899999999997,14.969521095,-1616.2150046295155,-1616.1497170518662,,,10.699408226377496,,,-1.768463470335755,,True,Carboxylate
DMSO,BBLFCNLVILKUEU-UHFFFAOYSA-M,[H]OP(=O)([O-])OC([H])([H])C([H])([H])C(F)(F)C(F)(F)C(F)(F)C(F)(F)F,O=P([O-])(O)OCCC(F)(F)C(F)(F)C(F)(F)C(F)(F)F,anionic,9,1,6,0.6923076923076923,343.05799999999994,24.395405543,-1772.8437788372935,-1772.776713118824,,,10.818321984272464,,,-2.4477734750355804,,True,Phosphate
DMSO,XFSPFPFUBRZQFO-UHFFFAOYSA-M,[H]OP(=O)([O-])OC(F)(F)F,O=P([O-])(O)OC(F)(F)F,anionic,3,1,3,1.0,164.98299999999998,6.045962887,-980.8428792333011,-980.7997596146924,,,11.361243562652417,,,-3.5382372501982515,-42.51374108231851,True,Phosphate
DMSO,OWNHYDYPDXFYLS-UHFFFAOYSA-M,O=C([O-])C(F)(C(F)(F)F)C(F)(F)C(F)(F)C(F)(F)F,O=C([O-])C(F)(C(F)(F)F)C(F)(F)C(F)(F)C(F)(F)F,anionic,11,2,8,1.0,313.0419999999999,10.328862907,-1477.6824027439104,-1477.6212972021542,,,11.059904671364347,,,-1.4450562844618853,,True,Carboxylate
DMSO,GWJVUODILLGCGD-UHFFFAOYSA-M,O=S(=O)([O-])C(F)(F)C(F)(C(F)(F)F)C(F)(F)F,O=S(=O)([O-])C(F)(F)C(F)(C(F)(F)F)C(F)(F)F,anionic,9,2,7,1.0,299.0899999999999,10.585300058,-1675.1352583258467,-1675.077910773152,,,11.285704754433555,,,-3.309272897174836,-35.468998448451615,True,Sulphonate
DMSO,ZSHOCLWXIZQXOS-UHFFFAOYSA-M,[H]C([H])(Cl)C(F)(F)C(F)(F)C(F)(F)C(F)(F)OC(F)(F)C(=O)[O-],O=C([O-])C(F)(F)OC(F)(F)C(F)(F)C(F)(F)C(F)(F)CCl,anionic,10,0,5,0.8333333333333334,359.523,18.845262457,-1952.4989508443127,-1952.4320029471924,,,10.81307018672699,,,-1.1212331297561904,,True,Carboxylate
DMSO,QWHCZVLZUPZGSI-UHFFFAOYSA-M,[H]C([H])(C(=O)[O-])C([H])([H])C(F)(F)C(F)(F)C(F)(F)C(F)(F)F,O=C([O-])CCC(F)(F)C(F)(F)C(F)(F)C(F)(F)F,anionic,9,1,6,0.6923076923076923,291.08899999999994,21.936414681,-1318.4452308547006,-1318.383930427017,,,10.05735556790341,,,-2.620135955355672,-42.74768569686229,True,Carboxylate
DMSO,WQNQKEGKYUOPFZ-UHFFFAOYSA-M,O=C([O-])C(F)(F)OC(F)(F)OC(F)(F)C(F)(F)F,O=C([O-])C(F)(F)OC(F)(F)OC(F)(F)C(F)(F)F,anionic,9,1,6,1.0,295.03299999999996,14.93144758,-1390.3451071416212,-1390.2857406962803,,,10.944065800115176,,,-2.402251193857179,-36.917225519370646,True,Carboxylate
DMSO,JSHVKCHHCCUMHA-UHFFFAOYSA-M,O=C([O-])C(F)(C(F)(F)F)C(F)(F)C(F)(F)F,O=C([O-])C(F)(C(F)(F)F)C(F)(F)C(F)(F)F,anionic,9,2,7,1.0,263.03499999999997,8.177020406,-1239.873912329177,-1239.818616916233,,,11.081755414519874,,,-2.1251238623147093,-36.20199654860476,True,Carboxylate
DMSO,LBJXRJQNVNECBL-UHFFFAOYSA-M,O=C([O-])C(F)([C](F)F)C(F)(F)C(F)(F)C(F)(F)[C](F)F,O=C([O-])C(F)([C](F)F)C(F)(F)C(F)(F)C(F)(F)[C](F)F,anionic,11,0,3,1.0,325.05299999999994,8.167637226,-1515.6338738301351,-1515.5684289592643,24.873676,24.816711,,,,,,,
DMSO,BTZNPZMHENLISZ-UHFFFAOYSA-M,[H]C([H])(F)S(=O)(=O)[O-],O=S(=O)([O-])CF,anionic,1,0,0,0.3333333333333333,113.08899999999998,5.21909237,-763.1599951091822,-763.1236159054893,,,10.909425705424033,,,-6.574260698388828,-47.26276487024361,True,Sulphonate
DMSO,KZWJWYFPLXRYIL-UHFFFAOYSA-M,[H]C(F)(F)C(F)(F)S(=O)(=O)[O-],O=S(=O)([O-])C(F)(F)C(F)F,anionic,4,0,2,0.8,181.08599999999998,6.519382651,-1100.2434144043132,-1100.198722237434,,,11.240016836926541,,,-4.869550291942836,-40.49302968445616,True,Sulphonate
Water,MWKSJOWGGNBGFO-UHFFFAOYSA-L,[H]C(F)(OP(=O)([O-])[O-])C(F)(F)F,O=P([O-])([O-])OC(F)C(F)(F)F,anionic,4,1,3,0.8,195.99199999999996,18.490756715,-1118.9461866342742,-1118.8991387520696,,,10.841451662581555,,,,,,
Water,VIONGDJUYAYOPU-UHFFFAOYSA-M,[H]C([H])(C(F)(F)C(F)(F)C(F)(F)C(F)(F)C(F)(F)C(F)(F)F)C([H])([H])S(=O)(=O)[O-],O=S(=O)([O-])CCC(F)(F)C(F)(F)C(F)(F)C(F)(F)C(F)(F)C(F)(F)F,anionic,13,1,8,0.7647058823529411,427.1580000000001,29.147003843,-2229.358797115241,-2229.284364436388,,,11.499368559237054,2.6752713833307524,-1.9897078107586,,-39.87103996889552,True,Sulphonate
Water,GPKYZQLMEPJAGJ-UHFFFAOYSA-M,[H]C(F)(C(=O)[O-])C(F)(F)F,O=C([O-])C(F)C(F)(F)F,anionic,4,1,3,0.8,145.031,9.12960601,-664.9897798503705,-664.9480256051253,,,11.742284604254987,,,-4.135695361790958,-43.88721286274166,True,Carboxylate
Water,PSSYTNOBLFNLCP-UHFFFAOYSA-M,[H]OP(=O)([O-])OC([H])(F)F,O=P([O-])(O)OC(F)F,anionic,2,0,1,0.6666666666666666,146.993,7.938970933,-881.581452961149,-881.5396767919101,,,12.1162506854336,,,-3.82490985740068,-44.10519454885254,True,Phosphate
Water,VATQVHUYEJLDLJ-UHFFFAOYSA-M,[H]C([H])(C(F)(F)C(F)(F)F)C(F)(F)C(F)(F)S(=O)(=O)[O-],O=S(=O)([O-])C(F)(F)C(F)(F)CC(F)(F)C(F)(F)F,anionic,9,1,6,0.8181818181818182,313.117,12.848232148,-1714.4519737085543,-1714.3913309213797,,,11.921226680208603,,,-2.860473468207198,-35.48587053945351,True,Sulphonate
Water,XJAAVVLEUZQVNJ-UHFFFAOYSA-L,O=P([O-])([O-])C(F)(F)F,O=P([O-])([O-])C(F)(F)F,anionic,3,1,3,1.0,147.976,9.797984364,-905.1306766321934,-905.09013920176,,,10.940827645151902,,,,,,
Water,MEKDBMKYIWGCOS-UHFFFAOYSA-M,O=C([O-])C(F)(F)OC(F)(C(F)(F)F)C(F)(F)F,O=C([O-])C(F)(F)OC(F)(C(F)(F)F)C(F)(F)F,anionic,9,2,7,1.0,279.03399999999993,13.0073223,-1315.1093763257604,-1315.052110292024,,,11.914178931170893,,,-2.463119829526657,-37.393162614402826,True,Carboxylate
Water,CZTBTZZANBJSLY-UHFFFAOYSA-M,O=C([O-])C(F)(F)C(F)(F)C(F)(F)OC(F)(F)F,O=C([O-])C(F)(F)C(F)(F)C(F)(F)OC(F)(F)F,anionic,9,1,6,1.0,279.03399999999993,10.651081605,-1315.1124767423485,-1315.0552737205996,,,11.829633154104608,,,-2.4324883393692334,-37.345823359388966,True,Carboxylate
Water,GVIXZDGQTOWUQT-UHFFFAOYSA-M,[H]O[C](C(F)(F)C(F)(F)C(F)(F)C(F)(F)[C](F)F)S(=O)(=O)[O-],O=S(=O)([O-])[C](O)C(F)(F)C(F)(F)C(F)(F)C(F)(F)[C](F)F,anionic,10,0,4,1.0,359.117,16.223872438,-1926.9011171773625,-1926.8326357693616,89.109506,89.040422,,,,,,,
Water,YJDMCDWHXOSSHI-UHFFFAOYSA-M,O=C([O-])C(F)(C(F)(F)F)C(F)(F)F,O=C([O-])C(F)(C(F)(F)F)C(F)(F)F,anionic,7,2,6,1.0,213.02799999999996,9.144542859,-1002.071758449456,-1002.022383609256,,,11.931893543617033,,,-2.7534803576060503,-37.70026917059416,True,Carboxylate
Water,CSCYIGPJZPXESS-UHFFFAOYSA-M,O=C([O-])C(F)(F)OC(F)(F)C(F)(F)F,O=C([O-])C(F)(F)OC(F)(F)C(F)(F)F,anionic,7,1,5,1.0,229.02699999999996,11.647559758,-1077.3009727780684,-1077.249393039018,,,11.927240396568967,,,-2.84900683469616,-38.02087499732997,True,Carboxylate
Water,VGFKXVSMDOKOJZ-UHFFFAOYSA-M,[H]C(F)(F)C(F)(F)C(F)(F)C(F)(F)C(=O)[O-],O=C([O-])C(F)(F)C(F)(F)C(F)(F)C(F)F,anionic,8,0,4,0.8888888888888888,245.04499999999996,9.439452844,-1140.6030866923747,-1140.5489624597712,,,11.860599711652544,,,-3.18779658584881,-36.05380425435232,True,Carboxylate
Water,KDHKNZMUAYFSHV-UHFFFAOYSA-M,[H]C([H])(C(=O)[O-])C(F)(F)C(F)(F)C(F)(F)C(F)(F)C(F)(F)F,O=C([O-])CC(F)(F)C(F)(F)C(F)(F)C(F)(F)C(F)(F)F,anionic,11,1,7,0.8461538461538461,327.06899999999996,18.515746299,-1516.973849606815,-1516.9102559344617,,,11.410360114826426,,,-2.7221993525930546,,True,Carboxylate
Water,RXPGWFYNBOAYKD-UHFFFAOYSA-M,[H]C([H])(C(=O)[O-])N(C([H])([H])C([H])([H])[H])S(=O)(=O)C(F)(F)F,CCN(CC(=O)[O-])S(=O)(=O)C(F)(F)F,anionic,3,1,3,0.3,234.17499999999995,10.791084347,-1248.2359272644924,-1248.1805871730824,,,11.058571313438291,,,-4.958309940284314,-44.57360860285337,True,Sulphonate
Water,XOCOKKRWJNSWQZ-UHFFFAOYSA-L,O=P([O-])([O-])C(F)(F)C(F)(F)C(F)(F)F,O=P([O-])([O-])C(F)(F)C(F)(F)C(F)(F)F,anionic,7,1,5,1.0,247.98999999999995,18.394336197,-1380.7507302551849,-1380.6983564099717,,,10.861343185927371,,,,,,
Water,YSRVDLQDMZJEDO-UHFFFAOYSA-M,O=P([O-])(C(F)(F)C(F)(F)F)C(F)(F)C(F)(F)F,O=P([O-])(C(F)(F)C(F)(F)F)C(F)(F)C(F)(F)F,anionic,10,2,8,1.0,300.9959999999999,6.07979041,-1643.005142882071,-1642.9458405982953,,,12.255926731034258,,,-0.7003895310183631,-32.06444693556824,True,Phosphate
Water,SZFMQDYDPKVVQH-UHFFFAOYSA-M,O=C([O-])C(F)(F)OC1(F)C(F)(F)C(F)(F)C(F)(F)C1(F)F,O=C([O-])C(F)(F)OC1(F)C(F)(F)C(F)(F)C(F)(F)C1(F)F,anionic,11,0,5,1.0,341.05199999999996,15.756968594,-1590.9975819053072,-1590.9351405925513,,,11.623615748836235,,,-1.820287730208436,,True,Carboxylate
Water,OYGQVDSRYXATEL-UHFFFAOYSA-M,O=S(=O)([O-])C(F)(F)C(F)(F)C(F)(F)C(F)(F)C(F)(F)C(F)(F)C(F)(F)F,O=S(=O)([O-])C(F)(F)C(F)(F)C(F)(F)C(F)(F)C(F)(F)C(F)(F)C(F)(F)F,anionic,15,1,9,1.0,449.11099999999993,19.952716802,-2388.5607806338608,-2388.486081252584,,,11.99695596813119,3.2464062920168653,-1.9190838079805048,,-33.07979285514448,True,Sulphonate
Water,UDANIBGCYQAQDP-UHFFFAOYSA-M,O=C([O-])C(F)(Cl)Cl,O=C([O-])C(F)(Cl)Cl,anionic,1,0,0,1.0,145.924,7.993782564,-1247.0093529840465,-1246.9699756352036,,,11.51422597612736,,,-3.357244803211229,-41.842341362343376,True,Carboxylate
Water,PBWZKZYHONABLN-UHFFFAOYSA-M,[H]C(F)(F)C(=O)[O-],O=C([O-])C(F)F,anionic,2,0,1,0.6666666666666666,95.02399999999999,6.579732949,-427.16305246537195,-427.1277197071229,,,11.720760397734411,,-2.114867511892706,-4.9223244820930665,-46.48801473875523,True,Carboxylate
Water,XKPFLKWPESVZJF-UHFFFAOYSA-M,[H]C([H])(C(F)(F)F)C([H])([H])S(=O)(=O)[O-],O=S(=O)([O-])CCC(F)(F)F,anionic,3,1,3,0.42857142857142855,177.123,11.690663536,-1040.3156030969112,-1040.2699240409443,,,11.56070302383551,,,-5.258902418130112,-44.52371624633474,True,Sulphonate
Water,OYQPFWFQTWYFRR-UHFFFAOYSA-M,[H]C(C(=O)[O-])=C([H])C(F)(F)C(F)(F)C(F)(F)C(F)(F)F,O=C([O-])C=CC(F)(F)C(F)(F)C(F)(F)C(F)(F)F,anionic,9,1,6,0.8181818181818182,289.0729999999999,20.074301166,-1317.2423365297343,-1317.1821730404108,,,10.683217451561134,,,-2.50831760663996,-39.85137302959107,True,Carboxylate
Water,NLAGAXIWWHZGCK-UHFFFAOYSA-M,[H]C([H])(C(=O)[O-])C(F)(F)C(F)(F)C(F)(F)F,O=C([O-])CC(F)(F)C(F)(F)C(F)(F)F,anionic,7,1,5,0.7777777777777778,227.05499999999995,13.774884272,-1041.3572440848463,-1041.3051156898996,,,11.4373265985962,,,-3.4448805274557555,-42.81451855293584,True,Carboxylate
Water,LREYALPNJOYGJE-UHFFFAOYSA-M,O=S(=O)([O-])C1(F)C(F)(F)C(F)(F)C(F)(F)C1(F)F,O=S(=O)([O-])C1(F)C(F)(F)C(F)(F)C(F)(F)C1(F)F,anionic,9,0,4,1.0,311.10099999999994,11.553168586,-1713.2234901922914,-1713.1661625975,,,11.67090913813176,,,-3.170629445266046,-35.28433586182782,True,Sulphonate
Water,QKZCNRMGUBIVTQ-UHFFFAOYSA-M,O=S(=O)([O-])C(F)(C(F)(F)F)C(F)(F)C(F)(F)F,O=S(=O)([O-])C(F)(C(F)(F)F)C(F)(F)C(F)(F)F,anionic,9,2,7,1.0,299.0899999999999,10.900228731,-1675.1427061434704,-1675.0853279062287,,,11.989527259686035,,,-3.11201493570588,-34.301142397273296,True,Sulphonate
Water,XLWUDBRTNPGWDQ-UHFFFAOYSA-M,[H]OP(=O)([O-])C(F)(F)C(F)(F)F,O=P([O-])(O)C(F)(F)C(F)(F)F,anionic,5,1,4,1.0,198.99099999999996,7.504061336,-1143.391686689604,-1143.3442299319493,,,12.252770210229722,,,-2.914842314904385,-41.679458625994,True,Phosphate
Water,VXSYIYDVTQFDED-UHFFFAOYSA-M,O=S(=O)([O-])[C](F)C(F)(F)C(F)(F)C(F)(F)[C](F)F,O=S(=O)([O-])[C](F)C(F)(F)C(F)(F)C(F)(F)[C](F)F,anionic,9,0,3,1.0,311.10099999999994,12.58631657,-1713.1031298137575,-1713.0405421222733,89.11462900000001,89.039154,,,,,,,
Water,LJTUHCJGGCJGFB-UHFFFAOYSA-M,[H]OP(=O)([O-])OC(F)(F)C(F)(F)C(F)(F)C(F)(F)F,O=P([O-])(O)OC(F)(F)C(F)(F)C(F)(F)C(F)(F)F,anionic,9,1,6,1.0,315.0039999999999,12.359761454,-1694.2813507272517,-1694.2204433517047,,,12.117257506724702,,,-1.709714686289055,-37.94328205837949,True,Phosphate
Water,OOBQAZXPVDXDKH-UHFFFAOYSA-M,[H]C(OC(F)(F)C(F)(F)C(F)(F)F)(C(F)(F)F)S(=O)(=O)[O-],O=S(=O)([O-])C(OC(F)(F)C(F)(F)C(F)(F)F)C(F)(F)F,anionic,10,2,8,0.9090909090909091,347.10600000000005,12.260006824,-1888.943055979713,-1888.8793625325504,,,11.778312479644676,,,-3.0819157416285825,,True,Sulphonate
Water,GKGNYGDOWLMWSY-UHFFFAOYSA-L,[H]C(F)(C(F)(F)F)P(=O)([O-])[O-],O=P([O-])([O-])C(F)C(F)(F)F,anionic,4,1,3,0.8,179.993,15.34688969,-1043.6774548098565,-1043.6326110107468,,,10.768960529622243,,,,,,
Water,LTOQTEOVRRXGBX-UHFFFAOYSA-M,[H]C(F)(F)C(F)(F)C(F)(F)S(=O)(=O)[O-],O=S(=O)([O-])C(F)(F)C(F)(F)C(F)F,anionic,6,0,3,0.8571428571428571,231.093,7.548224144,-1338.0620516959095,-1338.0113383440384,,,12.021201313276363,,,-3.835703666532044,-36.45831767842178,True,Sulphonate
Water,AUBOIAPNLUHLAF-UHFFFAOYSA-L,O=P([O-])([O-])C(F)(F)C(F)(F)C(F)(F)C(F)(F)F,O=P([O-])([O-])C(F)(F)C(F)(F)C(F)(F)C(F)(F)F,anionic,9,1,6,1.0,297.99699999999996,26.287166756,-1618.5589488173102,-1618.5006002567982,,,10.875438684002793,,,,,,
Water,IHYMJUVQLSNPPP-UHFFFAOYSA-M,O=C([O-])C(F)(F)OC(F)(F)F,O=C([O-])C(F)(F)OC(F)(F)F,anionic,5,1,4,1.0,179.01999999999998,11.032815595,-839.4901606559779,-839.4447148726339,,,11.931077202029652,,,-3.5272694833749334,-39.33904916335957,True,Carboxylate
Water,PRYVISBVTXTQOO-UHFFFAOYSA-M,[H]OP(=O)([O-])OC(F)(F)C(F)(F)F,O=P([O-])(O)OC(F)(F)C(F)(F)F,anionic,5,1,4,1.0,214.98999999999995,7.57659968,-1218.661182981906,-1218.6118379118673,,,12.092685624944576,,,-2.8334012362198315,-41.33140099247809,True,Phosphate
Water,IRFKSCDGSAQNJM-UHFFFAOYSA-M,[H]C([H])(C(F)(F)C(F)(F)C(F)(F)F)C(F)(F)S(=O)(=O)[O-],O=S(=O)([O-])C(F)(F)CC(F)(F)C(F)(F)C(F)(F)F,anionic,9,1,6,0.8181818181818182,313.117,17.050422741,-1714.4498595073267,-1714.389160301194,,,11.838395220475817,,,-3.3081185634905688,-37.88800121590572,True,Sulphonate
Water,YPDPPLGJIXBIMW-UHFFFAOYSA-M,O=S(=O)([O-])C(F)(F)OC(F)(F)OC(F)(F)C(F)(F)F,O=S(=O)([O-])C(F)(F)OC(F)(F)OC(F)(F)C(F)(F)F,anionic,9,1,6,1.0,331.08799999999997,11.437516382,-1825.6188076590615,-1825.5575319654108,,,11.97314600516595,,,-3.3030264506043374,,True,Sulphonate
Water,QZBAYURFHCTXOJ-UHFFFAOYSA-M,[H]C(C(=O)[O-])=C([H])C(F)(F)F,O=C([O-])C=CC(F)(F)F,anionic,3,1,3,0.6,139.052,12.83174438,-603.8141237514172,-603.7714224557687,,,10.83097527887685,,,-4.143233955610607,-43.41021657845887,True,Carboxylate
Water,XFSPFPFUBRZQFO-UHFFFAOYSA-L,O=P([O-])([O-])OC(F)(F)F,O=P([O-])([O-])OC(F)(F)F,anionic,3,1,3,1.0,163.975,12.204337679,-980.4047987745441,-980.362438644404,,,10.915847592578086,,,-15.522043984445116,,True,Phosphate
Water,ZWBAMYVPMDSJGQ-UHFFFAOYSA-M,O=C([O-])C(F)(F)C(F)(F)C(F)(F)C(F)(F)C(F)(F)C(F)(F)F,O=C([O-])C(F)(F)C(F)(F)C(F)(F)C(F)(F)C(F)(F)C(F)(F)F,anionic,13,1,8,1.0,363.0489999999999,20.86053915,-1715.4852044598651,-1715.4182458823916,,,11.828599121427262,2.581963389054033,-1.976011640693283,,-36.1956173719831,True,Carboxylate
Water,UKWUQIWTPDZBTD-UHFFFAOYSA-M,O=C([O-])[C](F)C(F)(F)C(F)(F)C(F)(F)C(F)(F)[C](F)F,O=C([O-])[C](F)C(F)(F)C(F)(F)C(F)(F)C(F)(F)[C](F)F,anionic,11,0,4,1.0,325.05299999999994,20.11883036,-1515.6454054649307,-1515.5797417546974,24.889083999999997,24.802303,,,,,,,
Water,RUWAFPLNUJKITJ-UHFFFAOYSA-M,O=C([O-])C(F)(F)C(F)(F)C(F)(F)C(F)(F)OC(F)(F)F,O=C([O-])C(F)(F)C(F)(F)C(F)(F)C(F)(F)OC(F)(F)F,anionic,11,1,7,1.0,329.04099999999994,16.611571925,-1552.9200133982563,-1552.8569732999435,,,11.852572352709975,,,-1.940938885165492,,True,Carboxylate
Water,IYYLVCKNCOIEJX-UHFFFAOYSA-M,O=S([O-])C(F)(F)C(F)(F)C(F)(F)C(F)(F)C(F)(F)C(F)(F)F,O=S([O-])C(F)(F)C(F)(F)C(F)(F)C(F)(F)C(F)(F)C(F)(F)F,anionic,13,1,8,1.0,383.10499999999996,19.681740051,-2075.490410574352,-2075.421951581297,,,10.26388998951046,,,,,True,Sulphonate
Water,BBLFCNLVILKUEU-UHFFFAOYSA-L,[H]C([H])(OP(=O)([O-])[O-])C([H])([H])C(F)(F)C(F)(F)C(F)(F)C(F)(F)F,O=P([O-])([O-])OCCC(F)(F)C(F)(F)C(F)(F)C(F)(F)F,anionic,9,1,6,0.6923076923076923,342.04999999999995,36.89655566,-1772.3983645870046,-1772.3329293014453,,,10.580385622937547,,,-14.783038879786696,,True,Phosphate
Water,PMNVMTIBUIRJHZ-UHFFFAOYSA-M,[H]C([H])(C(=O)[O-])C(F)(F)C(F)(F)C(F)(F)C(F)(F)F,O=C([O-])CC(F)(F)C(F)(F)C(F)(F)C(F)(F)F,anionic,9,1,6,0.8181818181818182,277.06199999999995,15.698044613,-1279.1653620767545,-1279.10753627114,,,11.406632154910726,1.9612274395262768,-1.995336381188128,-2.786487111561482,-41.55485091748207,True,Carboxylate
Water,YHBLMQUQIHYSRV-UHFFFAOYSA-M,O=S(=O)([O-])C(F)(F)OC(F)(F)F,O=S(=O)([O-])C(F)(F)OC(F)(F)F,anionic,5,1,4,1.0,215.07499999999996,10.043692541,-1274.7607682358357,-1274.712675438498,,,12.004248619645114,,,-4.838771437973868,-38.15983401586448,True,Sulphonate
Water,JFIQYUFQLKYFPJ-UHFFFAOYSA-M,O=C([O-])C(F)(OC(F)(F)F)C(F)(F)F,O=C([O-])C(F)(OC(F)(F)F)C(F)(F)F,anionic,7,2,6,1.0,229.02699999999996,8.609724825,-1077.3063067221753,-1077.2548209003803,,,11.923267534177054,,,-2.7405098635648573,-37.23142045193744,True,Carboxylate
Water,JDWGPDRDUUNFIB-UHFFFAOYSA-M,O=S(=O)([O-])C(F)(C(F)(F)F)C(F)(F)C(F)(F)C(F)(F)F,O=S(=O)([O-])C(F)(C(F)(F)F)C(F)(F)C(F)(F)C(F)(F)F,anionic,11,2,8,1.0,349.0969999999999,10.897076062,-1912.9499704120165,-1912.8868291379688,,,11.968955451684067,,,-2.4788697161190734,,True,Sulphonate
Water,SQONXERJDSMNNZ-UHFFFAOYSA-M,O=P([O-])(C(F)(F)F)C(F)(F)F,O=P([O-])(C(F)(F)F)C(F)(F)F,anionic,6,2,6,1.0,200.98199999999997,5.759404279,-1167.3835413548636,-1167.335738784275,,,12.371847236442164,,,-1.9463495917498448,-35.45813898298869,True,Phosphate
Water,AGCUFKNHQDVTAD-UHFFFAOYSA-L,O=P([O-])([O-])C(F)(F)C(F)(F)C(F)(F)C(F)(F)C(F)(F)C(F)(F)F,O=P([O-])([O-])C(F)(F)C(F)(F)C(F)(F)C(F)(F)C(F)(F)C(F)(F)F,anionic,13,1,8,1.0,398.01099999999997,39.660002046,-2094.1756957069556,-2094.105979013448,,,10.849125273502922,,,,,True,Phosphate
Water,POGJNMOVQNQIGY-UHFFFAOYSA-M,[H]C([H])(C(F)(F)C(F)(F)F)C([H])([H])S(=O)(=O)[O-],O=S(=O)([O-])CCC(F)(F)C(F)(F)F,anionic,5,1,4,0.5555555555555556,227.13,15.3352206,-1278.1261958569185,-1278.0743425390679,,,11.50881091026441,,,-4.744199221801996,-43.11378407324547,True,Sulphonate
Water,XBWQFDNGNOOMDZ-UHFFFAOYSA-M,O=S(=O)([O-])C(F)(F)C(F)(F)C(F)(F)F,O=S(=O)([O-])C(F)(F)C(F)(F)C(F)(F)F,anionic,7,1,5,1.0,249.08299999999994,10.951966372,-1437.328139633777,-1437.2761690491275,,,12.021990443477497,3.265864711592898,-2.0058091413200674,-3.969321293619832,-36.60607291743733,True,Sulphonate
Water,UZUFPBIDKMEQEQ-UHFFFAOYSA-M,O=C([O-])C(F)(F)C(F)(F)C(F)(F)C(F)(F)C(F)(F)C(F)(F)C(F)(F)C(F)(F)F,O=C([O-])C(F)(F)C(F)(F)C(F)(F)C(F)(F)C(F)(F)C(F)(F)C(F)(F)C(F)(F)F,anionic,17,1,10,1.0,463.06299999999993,19.918403664,-2191.1005833690115,-2191.0226547041375,,,11.833252268475325,2.5990536724776234,-1.9318644314095312,,-34.12320387652375,True,Carboxylate
Water,JEGVBRYEXSGSKC-UHFFFAOYSA-M,[H]C(F)(F)C(F)(F)C(F)(F)C(F)(F)C(F)(F)S(=O)(=O)[O-],O=S(=O)([O-])C(F)(F)C(F)(F)C(F)(F)C(F)(F)C(F)F,anionic,10,0,5,0.9090909090909091,331.107,16.278773686,-1813.6791077821924,-1813.6167318333664,,,12.004847270142523,,,-3.450404290264227,,True,Sulphonate
Water,MPQDGDVBZJSJIA-UHFFFAOYSA-M,O=C([O-])C(F)(F)C(F)(F)OC(F)(F)C(F)(F)C(F)(F)F,O=C([O-])C(F)(F)C(F)(F)OC(F)(F)C(F)(F)C(F)(F)F,anionic,11,1,7,1.0,329.04099999999994,13.282048273,-1552.9226239768363,-1552.8594721564064,,,11.821306469913337,,,-1.6701530138154903,,True,Carboxylate
Water,AHKBHDQYKYNFLM-UHFFFAOYSA-M,[H]C([H])(C(F)(F)C(F)(F)C(F)(F)C(F)(F)C(F)(F)C(F)(F)F)S(=O)(=O)[O-],O=S(=O)([O-])CC(F)(F)C(F)(F)C(F)(F)C(F)(F)C(F)(F)C(F)(F)F,anionic,13,1,8,0.8666666666666667,413.13100000000003,25.362562336,-2190.0599760847,-2189.9883978806392,,,11.640894979102438,2.851201125352952,-1.9927722018290843,,,True,Sulphonate
Water,OIKDGSCOJRUCTN-UHFFFAOYSA-M,[H]OP(=O)([O-])OC(F)(F)C(F)(F)C(F)(F)C(F)(F)C(F)(F)F,O=P([O-])(O)OC(F)(F)C(F)(F)C(F)(F)C(F)(F)C(F)(F)F,anionic,11,1,7,1.0,365.0109999999999,13.072659768,-1932.088218120406,-1932.0216912628011,,,12.131407427572617,,,-0.5974643776399082,,True,Phosphate
Water,NNTNZRAMRLQIEI-UHFFFAOYSA-M,O=C([O-])C(F)(F)C(F)=C(F)C(F)(F)C(F)(F)C(F)(F)F,O=C([O-])C(F)(F)C(F)=C(F)C(F)(F)C(F)(F)C(F)(F)F,anionic,11,1,6,1.0,325.05299999999994,14.997587029,-1515.7414984457716,-1515.6781546444956,,,11.158110564326117,,,-1.417678070340732,,True,Carboxylate
Water,HLQAGICFGPRGET-UHFFFAOYSA-N,[O-]C(F)(F)C(F)(F)C(F)(F)C(F)(F)C(F)(F)C(F)(F)C(F)(F)F,[O-]C(F)(F)C(F)(F)C(F)(F)C(F)(F)C(F)(F)C(F)(F)C(F)(F)F,anionic,15,1,9,1.0,385.04599999999994,19.226500211,-1839.9594046863244,-1839.8907515943577,,,11.923512436653267,,,,,True,Carboxylate
Water,BIHYOWYNLRGNHF-UHFFFAOYSA-M,O=S(=O)([O-])C(F)(F)C(F)(F)OC(F)(F)C(F)(F)C(F)(F)F,O=S(=O)([O-])C(F)(F)C(F)(F)OC(F)(F)C(F)(F)C(F)(F)F,anionic,11,1,7,1.0,365.09599999999995,13.165967844,-1988.190778984888,-1988.1253746077316,,,11.938614756019792,,,-2.5766473385686925,,True,Sulphonate
Water,PZISXUSIJZIZKG-UHFFFAOYSA-M,O=C([O-])C(F)(C(F)(F)[C](F)F)C(F)(F)[C](F)F,O=C([O-])C(F)(C(F)(F)[C](F)F)C(F)(F)[C](F)F,anionic,9,0,2,1.0,275.04599999999994,10.432135042,-1277.827969099418,-1277.7681563498631,24.883525,24.810399999999998,,,,,,,
Water,DTQVDTLACAAQTR-UHFFFAOYSA-M,O=C([O-])C(F)(F)F,O=C([O-])C(F)(F)F,anionic,3,1,3,1.0,113.01400000000001,6.364839224,-526.4382992070347,-526.4013515777126,,,12.000847196364365,,,-4.182319372735384,-42.46788426096383,True,Carboxylate
Water,NVBJAOSFGHCYEU-UHFFFAOYSA-M,[H]OP(=O)([O-])OC(F)(F)C(F)(F)C(F)(F)F,O=P([O-])(O)OC(F)(F)C(F)(F)C(F)(F)F,anionic,7,1,5,1.0,264.99699999999996,11.635710345,-1456.4730238241625,-1456.417708560396,,,12.114590790872594,,,-2.275375796751141,-40.17995388614536,True,Phosphate
Water,CGDXUTMWWHKMOE-UHFFFAOYSA-M,[H]C(F)(F)S(=O)(=O)[O-],O=S(=O)([O-])C(F)F,anionic,2,0,1,0.6666666666666666,131.07899999999998,5.922946603,-862.4382897933609,-862.400030595393,,,11.911512215318787,3.0482308418710917,-3.941695336366257,-6.093870821934028,-44.36945252250657,True,Sulphonate
Water,JZJXEBUWIKKBCI-UHFFFAOYSA-M,O=C([O-])C(F)(F)C(F)(F)OC(F)(F)C(F)(F)OC(F)(F)F,O=C([O-])C(F)(F)C(F)(F)OC(F)(F)C(F)(F)OC(F)(F)F,anionic,11,1,7,1.0,345.03999999999996,14.174650244,-1628.1644290520114,-1628.0993033191749,,,11.777822674692247,,,-1.9578868531162976,,True,Carboxylate
Water,XPVYHZSHMRXILD-UHFFFAOYSA-M,O=C([O-])C(F)(F)C(F)(F)OC(F)(F)C(F)(F)OC(F)(F)C(F)(F)OC(F)(F)F,O=C([O-])C(F)(F)C(F)(F)OC(F)(F)C(F)(F)OC(F)(F)C(F)(F)OC(F)(F)F,anionic,15,1,9,1.0,461.053,24.41877275,-2179.024682140408,-2178.9461926933486,,,11.7554277038118,,,,,True,Carboxylate
Water,WUNJQIWWSVJSNK-UHFFFAOYSA-M,[H]C(F)(C(F)(F)F)C(F)(F)C(F)(F)C(F)(F)S(=O)(=O)[O-],O=S(=O)([O-])C(F)(F)C(F)(F)C(F)(F)C(F)C(F)(F)F,anionic,10,1,6,0.9090909090909091,331.107,16.661799783,-1813.691216009517,-1813.6290735889747,,,11.993228008215489,,,-3.5214533625589515,,True,Sulphonate
Water,HRGUTPUQCCHFHT-UHFFFAOYSA-M,O=C([O-])C(F)(F)OC(F)(F)C(F)(F)C(F)(F)F,O=C([O-])C(F)(F)OC(F)(F)C(F)(F)C(F)(F)F,anionic,9,1,6,1.0,279.03399999999993,12.390683151,-1315.1108717480624,-1315.0535077877091,,,11.932111234707,,,-2.2427507819415555,-36.34764336262337,True,Carboxylate
Water,RJMWONDOWLERGS-UHFFFAOYSA-M,O=C([O-])C1(F)C(F)(F)C(F)(F)C(F)(F)C1(F)F,O=C([O-])C1(F)C(F)(F)C(F)(F)C(F)(F)C1(F)F,anionic,9,0,4,1.0,275.04599999999994,10.499674343,-1277.9589982232108,-1277.9045426792763,,,11.714229665035374,,,-1.9108096120330524,-35.29474416697764,True,Carboxylate
Water,ZZIVMEZYOKGBJO-UHFFFAOYSA-M,O=C([O-])C(F)(F)OC(F)(F)C(F)(F)C(F)(F)C(F)(F)F,O=C([O-])C(F)(F)OC(F)(F)C(F)(F)C(F)(F)C(F)(F)F,anionic,11,1,7,1.0,329.04099999999994,14.419715287,-1552.9186795574153,-1552.8556052606941,,,11.90457331182606,,,-2.032323488168012,,True,Carboxylate
Water,DVMSVWIURPPRBC-UHFFFAOYSA-M,O=C([O-])C(F)=C(F)F,O=C([O-])C(F)=C(F)F,anionic,3,0,0,1.0,125.025,9.633599728,-564.4858954405796,-564.4463699653945,,,11.314984206034238,,,-4.555291279215542,-43.601443779612055,True,Carboxylate
Water,PCYBDHWNMPLUSI-UHFFFAOYSA-L,[H]C([H])(C(F)(F)F)P(=O)([O-])[O-],O=P([O-])([O-])CC(F)(F)F,anionic,3,1,3,0.6,162.00300000000001,15.656653697,-944.4280791680131,-944.3853073069288,,,10.636386655831789,,,,,,
Water,SNHPHIVOTMMDRF-UHFFFAOYSA-M,O=S(=O)([O-])C(F)(C(F)(F)F)C(F)(F)F,O=S(=O)([O-])C(F)(C(F)(F)F)C(F)(F)F,anionic,7,2,6,1.0,249.08299999999994,8.482065066,-1437.3366954857693,-1437.2851402921497,,,11.995486553273906,,,-3.7221356806309367,-36.166589780255045,True,Sulphonate
Water,FXKAFEFAPQFHKH-UHFFFAOYSA-M,[H]C([H])([H])N(C([H])([H])C(=O)[O-])S(=O)(=O)C(F)(F)C(F)(F)F,CN(CC(=O)[O-])S(=O)(=O)C(F)(F)C(F)(F)F,anionic,5,1,4,0.5,270.1549999999999,12.637877116,-1446.7531575527453,-1446.694329668382,,,11.060312842158035,,,-4.715228588055591,-43.26168586276056,True,Sulphonate
Water,YFSUTJLHUFNCNZ-UHFFFAOYSA-M,O=S(=O)([O-])C(F)(F)C(F)(F)C(F)(F)C(F)(F)C(F)(F)C(F)(F)C(F)(F)C(F)(F)F,O=S(=O)([O-])C(F)(F)C(F)(F)C(F)(F)C(F)(F)C(F)(F)C(F)(F)C(F)(F)C(F)(F)F,anionic,17,1,10,1.0,499.11799999999994,,-2626.3694560577023,-2626.2892115977984,,,,3.264101352250986,-1.964410201195788,,,True,Sulphonate
Water,UGMLUHQLUFIGNF-UHFFFAOYSA-M,[H]C(C(=O)[O-])=C([H])C(F)(F)C(F)(F)C(F)(F)C(F)(F)C(F)(F)F,O=C([O-])C=CC(F)(F)C(F)(F)C(F)(F)C(F)(F)C(F)(F)F,anionic,11,1,7,0.8461538461538461,339.0799999999999,25.626741299,-1555.0499767173235,-1554.984082417673,,,10.670673002501733,,,-1.4512584331335558,,True,Carboxylate
Water,QZHDEAJFRJCDMF-UHFFFAOYSA-M,O=S(=O)([O-])C(F)(F)C(F)(F)C(F)(F)C(F)(F)C(F)(F)C(F)(F)F,O=S(=O)([O-])C(F)(F)C(F)(F)C(F)(F)C(F)(F)C(F)(F)C(F)(F)F,anionic,13,1,8,1.0,399.1039999999999,17.357103905,-2150.752570927346,-2150.6834423490154,,,11.998234903284748,3.278903978727927,-1.960591545748556,,-33.81557950707208,True,Sulphonate
Water,QONJFKZKPBYFFA-UHFFFAOYSA-M,O=S(=O)([O-])C(F)(F)C(F)(F)C(F)(C(F)(F)F)C(F)(F)F,O=S(=O)([O-])C(F)(F)C(F)(F)C(F)(C(F)(F)F)C(F)(F)F,anionic,11,2,8,1.0,349.0969999999999,15.292882661,-1912.9492080339692,-1912.8860582253017,,,11.991540902268238,,,,,True,Sulphonate
Water,YHAYRKGGBCCPEW-UHFFFAOYSA-M,[H]C([H])([H])N(C([H])([H])C(=O)[O-])S(=O)(=O)C(F)(F)F,CN(CC(=O)[O-])S(=O)(=O)C(F)(F)F,anionic,3,1,3,0.375,220.14799999999994,10.28687174,-1208.9431081046816,-1208.8900050332004,,,11.031414349964797,,,-5.53242215987731,-44.3629642074761,True,Sulphonate
Water,LOWVMFCFGIMLOB-UHFFFAOYSA-M,[H]C(F)(F)C([H])([H])C([H])([H])S(=O)(=O)[O-],O=S(=O)([O-])CCC(F)F,anionic,2,0,1,0.2857142857142857,159.13299999999998,11.228626355,-941.0390678608934,-940.9946834117553,,,11.558308421845863,,,-5.69317414362984,-45.994239576941744,True,Sulphonate
Water,LJYZRMUUPVQSLI-UHFFFAOYSA-M,O=S(=O)([O-])C(F)(OC(F)(F)C(F)(F)F)C(F)(F)F,O=S(=O)([O-])C(F)(OC(F)(F)C(F)(F)F)C(F)(F)F,anionic,9,2,7,1.0,315.08899999999994,11.356188301,-1750.382140457908,-1750.3222503238696,,,11.951839489735342,,,-3.3835485893042643,-34.80663397187115,True,Sulphonate
Water,CYOVLVHYDYAUSD-UHFFFAOYSA-M,O=C([O-])C(F)(C(F)(F)[C](F)F)C(F)(F)C(F)(F)[C](F)F,O=C([O-])C(F)(C(F)(F)[C](F)F)C(F)(F)C(F)(F)[C](F)F,anionic,11,0,3,1.0,325.05299999999994,8.370841867,-1515.638090142579,-1515.5724851248037,24.882543,24.812075999999998,,,,,,,
Water,AFVFQIVMOAPDHO-UHFFFAOYSA-M,[H]C([H])([H])S(=O)(=O)[O-],CS(=O)(=O)[O-],anionic,0,0,0,0.0,95.099,5.932114748,-663.924073878764,-663.8900073977985,,,11.568050098121926,2.558113209627185,-4.097242338112727,-7.20368563683825,-50.06608312791183,True,Sulphonate
Water,IRWCCLQZAKMYHY-UHFFFAOYSA-M,O=C([O-])C(F)(F)C(F)(C(F)(F)F)C(F)(F)C(F)(F)F,O=C([O-])C(F)(F)C(F)(C(F)(F)F)C(F)(F)C(F)(F)F,anionic,11,2,8,1.0,313.0419999999999,13.511876757,-1477.6814143395072,-1477.6206437570156,,,11.913090475721054,,,-1.9069220329407688,,True,Carboxylate
Water,DRVMZMGCPWFDBI-UHFFFAOYSA-L,[H]C([H])(OP(=O)([O-])[O-])C(F)(F)F,O=P([O-])([O-])OCC(F)(F)F,anionic,3,1,3,0.6,178.00199999999995,19.438213121,-1019.6788262775048,-1019.633372673244,,,10.71742216407234,,,,,,
Water,KCZIAIJJDOASNM-UHFFFAOYSA-M,[H]OP(=O)([O-])C(F)(F)C(F)(F)C(F)(F)C(F)(F)C(F)(F)F,O=P([O-])(O)C(F)(F)C(F)(F)C(F)(F)C(F)(F)C(F)(F)F,anionic,11,1,7,1.0,349.01199999999994,15.680046007,-1856.8163914639576,-1856.7515023564915,,,12.226157474481147,,,-1.3373378828575833,,True,Phosphate
Water,PAXFGBPGMBAFGA-UHFFFAOYSA-M,[H]C([H])(C(F)(F)C(F)(F)C(F)(F)C(F)(F)F)S(=O)(=O)[O-],O=S(=O)([O-])CC(F)(F)C(F)(F)C(F)(F)C(F)(F)F,anionic,9,1,6,0.8181818181818182,313.117,19.071028253,-1714.4434143303713,-1714.38308658901,,,11.644214768224446,2.83116856944904,-1.9951398861275629,-3.9342346916363424,-40.92047776961758,True,Sulphonate
Water,VAJGLWNYOMVAOX-UHFFFAOYSA-M,O=C([O-])C(F)=C(F)C(F)(F)F,O=C([O-])C(F)=C(F)C(F)(F)F,anionic,5,1,3,1.0,175.03199999999998,10.3507942,-802.3117583396162,-802.266160169273,,,11.112477069591595,,,-3.3550008429791283,-39.45905594652493,True,Carboxylate
Water,CSEBNABAWMZWIF-UHFFFAOYSA-M,O=C([O-])C(F)(OC(F)(F)C(F)(F)C(F)(F)F)C(F)(F)F,O=C([O-])C(F)(OC(F)(F)C(F)(F)C(F)(F)F)C(F)(F)F,anionic,11,2,8,1.0,329.04099999999994,13.013961015,-1552.9266994231612,-1552.8633893897295,,,11.851157360625185,2.5646687678957223,-1.120793483704849,-1.2659194331738937,,True,Carboxylate
Water,NCEMUOYFYLEORV-UHFFFAOYSA-M,[H]OP(=O)([O-])C([H])(F)F,O=P([O-])(O)C(F)F,anionic,2,0,1,0.6666666666666666,130.994,6.38750406,-806.3044573271785,-806.2646190528392,,,12.082726257578543,,,-4.126250802034206,-46.95579279380126,True,Phosphate
Water,QEWYKACRFQMRMB-UHFFFAOYSA-M,[H]C([H])(F)C(=O)[O-],O=C([O-])CF,anionic,1,0,0,0.3333333333333333,77.034,6.34199022,-327.8968044305628,-327.86302840940294,,,11.624568147354843,1.4108964976348997,-2.049696120491704,-5.528680289896674,-49.852108379710266,True,Carboxylate
Water,PUBGHTOQJMZZEU-UHFFFAOYSA-M,O=S(=O)([O-])C(F)([C](F)F)C(F)(F)C(F)(F)[C](F)F,O=S(=O)([O-])C(F)([C](F)F)C(F)(F)C(F)(F)[C](F)F,anionic,9,0,2,1.0,311.10099999999994,9.161374648,-1713.0954476306265,-1713.0332695029138,89.115054,89.050265,,,,,,,
Water,FQLUFYLRFYOCIL-UHFFFAOYSA-M,O=C([O-])C(Cl)=C(F)F,O=C([O-])C(Cl)=C(F)F,anionic,2,0,0,1.0,141.48,10.047066523,-924.7889246375587,-924.7484009516496,,,11.002679126089031,,,-4.116882516732872,-43.06701244580648,True,Carboxylate
Water,WVMSKLLESNCNTP-UHFFFAOYSA-M,O=S(=O)([O-])C(F)(F)OC(F)(F)OC(F)(F)F,O=S(=O)([O-])C(F)(F)OC(F)(F)OC(F)(F)F,anionic,7,1,5,1.0,281.08099999999996,13.338031168,-1587.810247573986,-1587.7545308055549,,,11.967322768509307,,,-4.4301557462710175,-37.002844030022274,True,Sulphonate
Water,CXZGQIAOTKWCDB-UHFFFAOYSA-M,O=C([O-])C(F)(F)C(F)(F)C(F)(F)C(F)(F)F,O=C([O-])C(F)(F)C(F)(F)C(F)(F)C(F)(F)F,anionic,9,1,6,1.0,263.03499999999997,12.621578985,-1239.8688437714657,-1239.813400012108,,,11.89480442416375,2.5912101603831657,-1.992584428519548,-2.325916686567124,-37.77801936385963,True,Carboxylate
Water,PUUPFOPNQLTVIU-UHFFFAOYSA-M,O=C([O-])C(F)=C(F)C(F)(F)C(F)(F)C(F)(F)C(F)(F)F,O=C([O-])C(F)=C(F)C(F)(F)C(F)(F)C(F)(F)C(F)(F)F,anionic,11,1,6,1.0,325.05299999999994,20.913676849,-1515.7392202842425,-1515.675988145961,,,10.944473970908865,,,-1.6600255818565268,,True,Carboxylate
Water,UQSKZXLVALTWRV-UHFFFAOYSA-M,O=S(=O)([O-])C(F)(F)C(F)(F)C(F)(F)OC(F)(F)F,O=S(=O)([O-])C(F)(F)C(F)(F)C(F)(F)OC(F)(F)F,anionic,9,1,6,1.0,315.08899999999994,11.575654197,-1750.3790257683254,-1750.3194911114435,,,11.971213996742486,,,-3.268042614430009,-34.924284222614915,True,Sulphonate
Water,LLHBHAOIVGGEPA-UHFFFAOYSA-M,[H]C(F)(C(F)(F)C(F)(F)F)S(=O)(=O)[O-],O=S(=O)([O-])C(F)C(F)(F)C(F)(F)F,anionic,6,1,4,0.8571428571428571,231.093,11.823518956,-1338.0703217942928,-1338.0198522033531,,,11.844408936836182,,,-4.513749279744889,-40.14178967191149,True,Sulphonate
Water,GCSHTDCBGCURHU-UHFFFAOYSA-M,O=C([O-])C(F)(F)OC(F)(F)OC(F)(F)F,O=C([O-])C(F)(F)OC(F)(F)OC(F)(F)F,anionic,7,1,5,1.0,245.02599999999995,9.860993966,-1152.541193460868,-1152.4882320109357,,,11.931757486685802,,,-3.1306720574999365,-37.90411338855512,True,Carboxylate
Water,OPDDDUPHXZCZJD-UHFFFAOYSA-M,[H]C([H])(C(F)(F)C(F)(F)F)S(=O)(=O)[O-],O=S(=O)([O-])CC(F)(F)C(F)(F)F,anionic,5,1,4,0.7142857142857143,213.103,12.718943539,-1238.826872213147,-1238.7780746206367,,,11.651888379145815,,,-5.561045714347132,-43.04930029939207,True,Sulphonate
Water,LQDORJNYFXQTGE-UHFFFAOYSA-M,[H]C([H])(C(F)(F)F)C(F)(F)C(F)(F)C([H])([H])C([H])([H])S(=O)(=O)[O-],O=S(=O)([O-])CCC(F)(F)C(F)(F)CC(F)(F)F,anionic,7,1,5,0.5384615384615384,291.16400000000004,21.604087287,-1555.2471647085467,-1555.1871034711637,,,11.492892249310508,,,-3.841442091217371,-42.815797424367055,True,Sulphonate
Water,LOMMKEOPNWFTMP-UHFFFAOYSA-M,O=S(=O)([O-])C(F)(OC(F)(F)C(F)(F)C(F)(F)F)C(F)(F)F,O=S(=O)([O-])C(F)(OC(F)(F)C(F)(F)C(F)(F)F)C(F)(F)F,anionic,11,2,8,1.0,365.09599999999995,13.194108405,-1988.1907918481145,-1988.1253597663217,,,11.959322620952989,3.278750537676185,-1.1612868276134378,-2.508598590252199,,True,Sulphonate
Water,NEEGCEUNMCQJQF-UHFFFAOYSA-M,[H]C(C(=O)[O-])=C([H])C(F)(F)C(F)(F)F,O=C([O-])C=CC(F)(F)C(F)(F)F,anionic,5,1,4,0.7142857142857143,189.05899999999997,16.058221471,-841.6255408311515,-841.5767937089994,,,10.731327182444042,,,-3.519480742890371,-41.84897397913576,True,Carboxylate
Water,GLXRWNDXHFKLOM-UHFFFAOYSA-M,O=S(=O)([O-])C(F)(F)C(F)(F)C(F)(C(F)(F)F)C(F)(F)C(F)(F)F,O=S(=O)([O-])C(F)(F)C(F)(F)C(F)(C(F)(F)F)C(F)(F)C(F)(F)F,anionic,13,2,9,1.0,399.1039999999999,16.244298641,-2150.7544756291823,-2150.685865897464,,,11.977771940827767,,,,,True,Sulphonate
Water,TWIYDBQRYCWOAU-UHFFFAOYSA-M,O=S([O-])C(F)(F)C(F)(F)C(F)(F)C(F)(F)F,O=S([O-])C(F)(F)C(F)(F)C(F)(F)C(F)(F)F,anionic,9,1,6,1.0,283.09099999999995,14.493119658,-1599.8744810838502,-1599.8174634001032,,,10.272243885087978,,,-2.718151402239158,-37.056852621119205,True,Sulphonate
Water,GNQWOKPKDHCUSB-UHFFFAOYSA-M,O=C([O-])C(F)(F)OC(F)(F)C(F)(F)OC(F)(F)C(F)(F)OC(F)(F)F,O=C([O-])C(F)(F)OC(F)(F)C(F)(F)OC(F)(F)C(F)(F)OC(F)(F)F,anionic,13,1,8,1.0,411.046,14.143711993,-1941.2154917179064,-1941.1429647057284,,,11.844463359608673,,,,,True,Carboxylate
Water,NJCISIRAMWBANH-UHFFFAOYSA-M,[H]C([H])(Cl)C(F)(F)C(F)(F)C(F)(F)OC(F)(F)C(=O)[O-],O=C([O-])C(F)(F)OC(F)(F)C(F)(F)C(F)(F)CCl,anionic,8,0,4,0.8,309.516,14.02434154,-1714.6951413980948,-1714.6338617087656,,,11.712188811066925,,,-0.7799414996518507,-33.4432404420286,True,Carboxylate
Water,PQJUSACUDRAKKM-UHFFFAOYSA-M,O=C([O-])C(F)(F)OC(F)(C(F)(F)[C](F)F)C(F)(F)[C](F)F,O=C([O-])C(F)(F)OC(F)(C(F)(F)[C](F)F)C(F)(F)[C](F)F,anionic,11,0,3,1.0,341.05199999999996,14.359691445,-1590.8661663406167,-1590.7987320148245,24.888205,24.81191,,,,,,,
Water,ZSHOCLWXIZQXOS-UHFFFAOYSA-M,[H]C([H])(Cl)C(F)(F)C(F)(F)C(F)(F)C(F)(F)OC(F)(F)C(=O)[O-],O=C([O-])C(F)(F)OC(F)(F)C(F)(F)C(F)(F)C(F)(F)CCl,anionic,10,0,5,0.8333333333333334,359.523,17.760942499,-1952.5038313420528,-1952.436984912142,,,11.75088340230872,,,-1.1212331297561904,,True,Carboxylate
Water,GWJVUODILLGCGD-UHFFFAOYSA-M,O=S(=O)([O-])C(F)(F)C(F)(C(F)(F)F)C(F)(F)F,O=S(=O)([O-])C(F)(F)C(F)(C(F)(F)F)C(F)(F)F,anionic,9,2,7,1.0,299.0899999999999,11.51172895,-1675.1411130107483,-1675.083794254989,,,11.999432204279573,,,-3.309272897174836,-35.468998448451615,True,Sulphonate
Water,OWNHYDYPDXFYLS-UHFFFAOYSA-M,O=C([O-])C(F)(C(F)(F)F)C(F)(F)C(F)(F)C(F)(F)F,O=C([O-])C(F)(C(F)(F)F)C(F)(F)C(F)(F)C(F)(F)F,anionic,11,2,8,1.0,313.0419999999999,10.322203604,-1477.6879585634683,-1477.6270093322648,,,11.95061497735427,,,-1.4450562844618853,,True,Carboxylate
Water,XFSPFPFUBRZQFO-UHFFFAOYSA-M,[H]OP(=O)([O-])OC(F)(F)F,O=P([O-])(O)OC(F)(F)F,anionic,3,1,3,1.0,164.98299999999998,7.57125527,-980.8536259748792,-980.8104573155832,,,12.185285972339672,,,-3.5382372501982515,-42.51374108231851,True,Phosphate
Water,BBLFCNLVILKUEU-UHFFFAOYSA-M,[H]OP(=O)([O-])OC([H])([H])C([H])([H])C(F)(F)C(F)(F)C(F)(F)C(F)(F)F,O=P([O-])(O)OCCC(F)(F)C(F)(F)C(F)(F)C(F)(F)F,anionic,9,1,6,0.6923076923076923,343.05799999999994,24.882753953,-1772.8571732310525,-1772.7900981225848,,,11.808517118377722,,,-2.4477734750355804,,True,Phosphate
Water,HWFPEKMIHWSKHB-UHFFFAOYSA-M,[H]C(F)(C(=O)[O-])C(F)(F)C(F)(F)C(F)(F)C(F)(F)C(F)(F)F,O=C([O-])C(F)C(F)(F)C(F)(F)C(F)(F)C(F)(F)C(F)(F)F,anionic,12,1,7,0.9230769230769231,345.05899999999997,17.623744874,-1616.224153546422,-1616.158913120471,,,11.718148104654796,,,-1.768463470335755,,True,Carboxylate
Water,KZWJWYFPLXRYIL-UHFFFAOYSA-M,[H]C(F)(F)C(F)(F)S(=O)(=O)[O-],O=S(=O)([O-])C(F)(F)C(F)F,anionic,4,0,2,0.8,181.08599999999998,7.349656661,-1100.2516578920747,-1100.2069738485477,,,11.968220744255426,,,-4.869550291942836,-40.49302968445616,True,Sulphonate
Water,LBJXRJQNVNECBL-UHFFFAOYSA-M,O=C([O-])C(F)([C](F)F)C(F)(F)C(F)(F)C(F)(F)[C](F)F,O=C([O-])C(F)([C](F)F)C(F)(F)C(F)(F)C(F)(F)[C](F)F,anionic,11,0,3,1.0,325.05299999999994,14.255376962,-1515.637261265569,-1515.571483369188,24.88467,24.813156000000003,,,,,,,
Water,BTZNPZMHENLISZ-UHFFFAOYSA-M,[H]C([H])(F)S(=O)(=O)[O-],O=S(=O)([O-])CF,anionic,1,0,0,0.3333333333333333,113.08899999999998,6.029978743,-763.1739398561733,-763.1374441531412,,,11.759264509272484,2.807761924978382,-4.012521010479125,-6.574260698388828,-47.26276487024361,True,Sulphonate
Water,JSHVKCHHCCUMHA-UHFFFAOYSA-M,O=C([O-])C(F)(C(F)(F)F)C(F)(F)C(F)(F)F,O=C([O-])C(F)(C(F)(F)F)C(F)(F)C(F)(F)F,anionic,9,2,7,1.0,263.03499999999997,9.298177913,-1239.8804862056231,-1239.8253164983264,,,11.95320005904764,,,-2.1251238623147093,-36.20199654860476,True,Carboxylate
Water,RZYUXMOITDSUMA-UHFFFAOYSA-M,O=S(=O)([O-])C(F)(F)C(F)(F)OC(F)(F)C(F)(F)OC(F)(F)C(F)(F)OC(F)(F)F,O=S(=O)([O-])C(F)(F)C(F)(F)OC(F)(F)C(F)(F)OC(F)(F)C(F)(F)OC(F)(F)F,anionic,15,1,9,1.0,497.108,24.309767758,-2614.2893793092503,-2614.2089458015753,,,11.933934397585482,,,,,True,Sulphonate
Water,WQNQKEGKYUOPFZ-UHFFFAOYSA-M,O=C([O-])C(F)(F)OC(F)(F)OC(F)(F)C(F)(F)F,O=C([O-])C(F)(F)OC(F)(F)OC(F)(F)C(F)(F)F,anionic,9,1,6,1.0,295.03299999999996,10.462447463,-1390.352528558068,-1390.2935825753675,,,11.926287998050357,,,-2.402251193857179,-36.917225519370646,True,Carboxylate
Water,XLWUDBRTNPGWDQ-UHFFFAOYSA-L,O=P([O-])([O-])C(F)(F)C(F)(F)F,O=P([O-])([O-])C(F)(F)C(F)(F)F,anionic,5,1,4,1.0,197.98299999999998,15.0438145,-1142.9421228789477,-1142.8956099391116,,,10.901425557867713,,,,,,
Water,TVRVUUMIIHNSHE-UHFFFAOYSA-M,[H]C(F)(C(F)(F)OC(F)(F)F)C(F)(F)OC(F)(F)C(=O)[O-],O=C([O-])C(F)(F)OC(F)(F)C(F)C(F)(F)OC(F)(F)F,anionic,10,1,6,0.9090909090909091,327.05,18.143852017,-1528.9053486694183,-1528.8418553029928,,,11.818803022378706,,,-1.651257861906838,,True,Carboxylate
Water,CRXCJCHFWGLUBT-UHFFFAOYSA-M,O=S(=O)([O-])C(F)(F)OC(F)(F)C(F)(F)F,O=S(=O)([O-])C(F)(F)OC(F)(F)C(F)(F)F,anionic,7,1,5,1.0,265.08199999999994,12.650996848,-1512.57131324091,-1512.517055885624,,,11.972275240806077,,,-4.048035652632483,-36.83619009724873,True,Sulphonate
Water,QWHCZVLZUPZGSI-UHFFFAOYSA-M,[H]C([H])(C(=O)[O-])C([H])([H])C(F)(F)C(F)(F)C(F)(F)C(F)(F)F,O=C([O-])CCC(F)(F)C(F)(F)C(F)(F)C(F)(F)F,anionic,9,1,6,0.6923076923076923,291.08899999999994,23.1119394,-1318.4590984254908,-1318.3977936540546,,,11.187553284244276,1.8050865880814595,-2.0010308911811747,-2.620135955355672,-42.74768569686229,True,Carboxylate
Water,YPJUNDFVDDCYIH-UHFFFAOYSA-M,O=C([O-])C(F)(F)C(F)(F)C(F)(F)F,O=C([O-])C(F)(F)C(F)(F)C(F)(F)F,anionic,7,1,5,1.0,213.02799999999996,9.857573114,-1002.0604386535764,-1002.010991862202,,,11.882994682532992,2.5846423209842486,-2.0115375114818623,-2.835560216117869,-38.682225794997926,True,Carboxylate
Water,GCVRYQSRTHJORT-UHFFFAOYSA-M,O=S(=O)([O-])C(F)(F)OC(F)(F)C(F)(F)C(F)(F)F,O=S(=O)([O-])C(F)(F)OC(F)(F)C(F)(F)C(F)(F)F,anionic,9,1,6,1.0,315.08899999999994,13.681563493,-1750.3776901503566,-1750.3179083628734,,,11.99091504038458,,,-3.221448564852032,-35.30910671038865,True,Sulphonate
Water,SJCUDPIQQGYMBN-UHFFFAOYSA-M,O=C([O-])C(F)(F)OC(F)(F)OC(F)(F)C(F)(F)C(F)(F)F,O=C([O-])C(F)(F)OC(F)(F)OC(F)(F)C(F)(F)C(F)(F)F,anionic,11,1,7,1.0,345.03999999999996,10.881999265,-1628.162213885634,-1628.0977173696292,,,11.920791298028668,,,-1.9689219586287008,,True,Carboxylate
Water,JSUBXAQQTQNDAY-UHFFFAOYSA-M,O=S(=O)([O-])C(F)(F)OC(F)(F)C(F)(F)OC(F)(F)C(F)(F)F,O=S(=O)([O-])C(F)(F)OC(F)(F)C(F)(F)OC(F)(F)C(F)(F)F,anionic,11,1,7,1.0,381.09499999999997,18.725898087,-2063.4299362278166,-2063.3623985174486,,,11.978996453208836,,,,,True,Sulphonate
Water,GKGNYGDOWLMWSY-UHFFFAOYSA-M,[H]OP(=O)([O-])C([H])(F)C(F)(F)F,O=P([O-])(O)C(F)C(F)(F)F,anionic,4,1,3,0.8,181.00099999999998,8.107790604,-1044.131890656114,-1044.0858536245428,,,12.079869062022714,,,-3.50828672334393,-44.53189375011368,True,Phosphate
Water,LJTUHCJGGCJGFB-UHFFFAOYSA-L,O=P([O-])([O-])OC(F)(F)C(F)(F)C(F)(F)C(F)(F)F,O=P([O-])([O-])OC(F)(F)C(F)(F)C(F)(F)C(F)(F)F,anionic,9,1,6,1.0,313.9959999999999,26.1389489,-1693.83427136733,-1693.7740456669776,,,10.875411472616548,,,,,,
Water,AAEJJSZYNKXKSW-UHFFFAOYSA-M,[H]C([H])(C(=O)[O-])C([H])([H])C(F)(F)C(F)(F)C(F)(F)C(F)(F)C(F)(F)C(F)(F)F,O=C([O-])CCC(F)(F)C(F)(F)C(F)(F)C(F)(F)C(F)(F)C(F)(F)F,anionic,13,1,8,0.7647058823529411,391.10299999999995,24.260648525,-1794.0746932116526,-1794.0024556396359,,,11.138327886525284,1.79192809343958,-1.930000727838054,,,True,Carboxylate
Water,KXSUVOSIUJMGTK-UHFFFAOYSA-M,[H]C(F)(C(F)(F)C(=O)[O-])C(F)(F)C(F)(F)C(F)(F)C(F)(F)F,O=C([O-])C(F)(F)C(F)C(F)(F)C(F)(F)C(F)(F)C(F)(F)F,anionic,12,1,7,0.9230769230769231,345.0589999999999,18.403569179,-1616.229272340917,-1616.1637290905355,,,11.750692922605,,,-1.5474959584375887,,True,Carboxylate
Water,VQKMJXAMQVPHHB-UHFFFAOYSA-M,O=C([O-])C(F)(F)C(F)(F)C(F)(F)C(F)(F)Cl,O=C([O-])C(F)(F)C(F)(F)C(F)(F)C(F)(F)Cl,anionic,8,0,4,1.0,279.48999999999995,16.007410554,-1600.1511099209988,-1600.0948470296737,,,11.636323466213112,,,-1.5885458768546783,-38.09692512973305,True,Carboxylate
Water,AKFNVAIJIOUJBF-UHFFFAOYSA-N,[O-]C(F)(F)C(F)(F)C(F)(F)C(F)(F)C(F)(F)C(F)(F)F,[O-]C(F)(F)C(F)(F)C(F)(F)C(F)(F)C(F)(F)C(F)(F)F,anionic,13,1,8,1.0,335.03899999999993,16.247487534,-1602.1511085593465,-1602.088177162013,,,11.94688701743857,,,-0.4436777158325977,,True,Carboxylate
Water,WMFYUMIVMKSLSX-UHFFFAOYSA-M,O=C([O-])C(F)(F)C(F)(F)C(F)(F)C(F)(F)C(F)(F)C(F)(F)Cl,O=C([O-])C(F)(F)C(F)(F)C(F)(F)C(F)(F)C(F)(F)C(F)(F)Cl,anionic,12,0,6,1.0,379.5039999999999,18.647761568,-2075.7678607941225,-2075.700123789238,,,11.670963560904253,,,,,True,Carboxylate
Water,ITMCEJHCFYSIIV-UHFFFAOYSA-M,O=S(=O)([O-])C(F)(F)F,O=S(=O)([O-])C(F)(F)F,anionic,3,1,3,1.0,149.069,5.422045855,-961.709085318828,-961.6693154321568,,,12.061882335714117,3.27393292670191,-3.87961507725398,-5.306661501913984,-40.350628564519575,True,Sulphonate
Water,MAYCVDQHBUQQFH-UHFFFAOYSA-M,O=C([O-])C(F)(OC(F)(F)C(F)(F)F)C(F)(F)F,O=C([O-])C(F)(OC(F)(F)C(F)(F)F)C(F)(F)F,anionic,9,2,7,1.0,279.03399999999993,10.530387194,-1315.1172386556984,-1315.0597144237356,,,11.877470771125056,,,-2.0662855259033432,-36.184582558208994,True,Carboxylate
Water,KVQPTMRJUGXQHT-UHFFFAOYSA-M,O=S(=O)([O-])C(F)(F)C(F)(F)OC(F)(F)F,O=S(=O)([O-])C(F)(F)C(F)(F)OC(F)(F)F,anionic,7,1,5,1.0,265.08199999999994,10.693905921,-1512.570558391605,-1512.5167525251577,,,11.961798857101371,,,-4.0153357814352,-36.7049069881569,True,Sulphonate
Water,AUBOIAPNLUHLAF-UHFFFAOYSA-M,[H]OP(=O)([O-])C(F)(F)C(F)(F)C(F)(F)C(F)(F)F,O=P([O-])(O)C(F)(F)C(F)(F)C(F)(F)C(F)(F)F,anionic,9,1,6,1.0,299.00499999999994,13.278531121,-1619.0083275379325,-1618.949090820146,,,12.250103494377615,,,-1.8294397616201543,-39.01926067409261,True,Phosphate
Water,DFXIGNRYXLVEDF-UHFFFAOYSA-M,[H]C(F)(C(F)(F)F)S(=O)(=O)[O-],O=S(=O)([O-])C(F)C(F)(F)F,anionic,4,1,3,0.8,181.08599999999998,8.385503748,-1100.2609707294996,-1100.2166755331464,,,11.86413719186452,,,-5.111194158914427,-41.84990238262981,True,Sulphonate
Water,TXGIGTRUEITPSC-UHFFFAOYSA-M,[H]C([H])(C(F)(F)C(F)(F)C(F)(F)C(F)(F)F)C([H])([H])S(=O)(=O)[O-],O=S(=O)([O-])CCC(F)(F)C(F)(F)C(F)(F)C(F)(F)F,anionic,9,1,6,0.6923076923076923,327.144,22.40417129,-1753.7423888573571,-1753.6791409597413,,,11.502525080041586,2.709051541493418,-1.985509274121461,-3.745390558071536,-41.19839071036357,True,Sulphonate
Water,DMOBTBZPQXBGRE-UHFFFAOYSA-M,[H]C(F)(C(F)(F)F)C(F)(F)S(=O)(=O)[O-],O=S(=O)([O-])C(F)(F)C(F)C(F)(F)F,anionic,6,1,4,0.8571428571428571,231.093,10.642984368,-1338.0728392099554,-1338.0222858032073,,,11.945499236740025,,,-4.246612708192514,-38.78775959172955,True,Sulphonate
Water,PRYVISBVTXTQOO-UHFFFAOYSA-L,O=P([O-])([O-])OC(F)(F)C(F)(F)F,O=P([O-])([O-])OC(F)(F)C(F)(F)F,anionic,5,1,4,1.0,213.98199999999997,16.911354162,-1218.21310494954,-1218.16457948144,,,10.91699047080042,,,,,,
Water,BRPIPWKSQOYFMA-UHFFFAOYSA-M,[H]OC1(S(=O)(=O)[O-])C(F)(F)C(F)(F)C(F)(F)C(F)(F)C1(F)F,O=S(=O)([O-])C1(O)C(F)(F)C(F)(F)C(F)(F)C(F)(F)C1(F)F,anionic,10,0,5,1.0,359.11699999999996,11.887308935,-1927.0190103730572,-1926.9562780692515,,,11.866749484944137,,,-2.9878992558600985,,True,Sulphonate
Water,SYVKUJFUUJACEF-UHFFFAOYSA-M,O=S(=O)([O-])C(F)(F)OC(F)(C(F)(F)F)C(F)(F)F,O=S(=O)([O-])C(F)(F)OC(F)(C(F)(F)F)C(F)(F)F,anionic,9,2,7,1.0,315.08899999999994,14.431843589,-1750.3798282766213,-1750.3200079358096,,,11.956002831830975,,,-3.610945430774647,-36.20459726326384,True,Sulphonate
Water,FEPQOROVVLZNPA-UHFFFAOYSA-M,O=S(=O)([O-])C(F)(C(F)(F)[C](F)F)C(F)(F)[C](F)F,O=S(=O)([O-])C(F)(C(F)(F)[C](F)F)C(F)(F)[C](F)F,anionic,9,0,2,1.0,311.10099999999994,7.827096367,-1713.0925916481065,-1713.0307552823697,89.114295,89.055763,,,,,,,
Water,VOXZZGGCSYUKFW-UHFFFAOYSA-M,[H]OC([C](F)F)(C(F)(F)C(F)(F)C(F)(F)[C](F)F)S(=O)(=O)[O-],O=S(=O)([O-])C(O)([C](F)F)C(F)(F)C(F)(F)C(F)(F)[C](F)F,anionic,10,0,3,1.0,359.117,12.203843666,-1926.8820786656104,-1926.813909624728,89.11032300000001,89.04382899999999,,,,,,,
Water,KYPWHXRHVCYESU-UHFFFAOYSA-M,O=C([O-])C(F)(F)C(F)(C(F)(F)F)C(F)(F)F,O=C([O-])C(F)(F)C(F)(C(F)(F)F)C(F)(F)F,anionic,9,2,7,1.0,263.03499999999997,11.970527807,-1239.8751450856478,-1239.8201447372353,,,11.892681936036563,,,-2.423263338248716,-37.08417189929396,True,Carboxylate
Water,SNGREZUHAYWORS-UHFFFAOYSA-M,O=C([O-])C(F)(F)C(F)(F)C(F)(F)C(F)(F)C(F)(F)C(F)(F)C(F)(F)F,O=C([O-])C(F)(F)C(F)(F)C(F)(F)C(F)(F)C(F)(F)C(F)(F)C(F)(F)F,anionic,15,1,9,1.0,413.0559999999999,23.934474283,-1953.293349897644,-1953.2208900384553,,,11.832082178866747,2.580545412587236,-1.94326005603286,,-35.376040245140004,True,Carboxylate
Water,XOCOKKRWJNSWQZ-UHFFFAOYSA-M,[H]OP(=O)([O-])C(F)(F)C(F)(F)C(F)(F)F,O=P([O-])(O)C(F)(F)C(F)(F)C(F)(F)F,anionic,7,1,5,1.0,248.99799999999993,7.935825161,-1381.200511339907,-1381.1468400905,,,12.22822553983584,,,-2.4933296319450715,-40.26611453700566,True,Phosphate
Water,IHPWVGWUNMKDHG-UHFFFAOYSA-M,O=S(=O)([O-])C(F)(OC(F)(F)F)C(F)(F)F,O=S(=O)([O-])C(F)(OC(F)(F)F)C(F)(F)F,anionic,7,2,6,1.0,265.08199999999994,8.397202936,-1512.5707474549422,-1512.5169676443804,,,11.985010169569199,,,-3.743073466890329,-35.64762396991856,True,Sulphonate
Water,UIVKVKAFPRQEQD-UHFFFAOYSA-M,[H]C([H])(C(F)(F)C(F)(F)C([H])(F)C(F)(F)F)C([H])([H])S(=O)(=O)[O-],O=S(=O)([O-])CCC(F)(F)C(F)(F)C(F)C(F)(F)F,anionic,8,1,5,0.6153846153846154,309.154,19.484295889,-1654.4871483138104,-1654.4256426523607,,,11.471422465562423,,,-3.642433751192216,-39.86732492885236,True,Sulphonate
Water,IIJWIPPCXINBOZ-UHFFFAOYSA-M,[H]C(F)(Cl)C(F)(F)C(=O)[O-],O=C([O-])C(F)(F)C(F)Cl,anionic,3,0,1,0.75,161.486,8.603557273,-1025.273438800225,-1025.2303285329572,,,11.658854494024787,,,-3.454539454370942,-41.52864376044648,True,Carboxylate
Water,UEEXJMUCZWKVOU-UHFFFAOYSA-M,[H]C([H])(C(=O)[O-])C(F)(F)C(F)(F)C(F)(F)C(F)(F)C(F)(F)C(F)=C(F)F,O=C([O-])CC(F)(F)C(F)(F)C(F)(F)C(F)(F)C(F)(F)C(F)=C(F)F,anionic,13,0,5,0.8666666666666667,389.087,22.439245207,-1792.831207235586,-1792.759917674966,,,11.27941892421073,,,,,True,Carboxylate
Water,GIPRQSBAVJUXLY-UHFFFAOYSA-M,[H]C([H])(Cl)C(F)(F)C(F)(F)OC(F)(F)C(=O)[O-],O=C([O-])C(F)(F)OC(F)(F)C(F)(F)CCl,anionic,6,0,3,0.75,259.50899999999996,10.588202732,-1476.88697105968,-1476.8314311476977,,,11.746175832488163,,,-1.9198710300519612,-36.02960366904936,True,Carboxylate
Water,AFDRCEOKCOUICI-UHFFFAOYSA-M,[H]C(F)(OC(F)(F)C(F)(F)C(F)(F)OC(F)(F)F)C(F)(F)C(=O)[O-],O=C([O-])C(F)(F)C(F)OC(F)(F)C(F)(F)C(F)(F)OC(F)(F)F,anionic,12,1,7,0.9230769230769231,377.057,18.454545348,-1766.7105937469703,-1766.6410786248125,,,11.696868800610433,,,,,True,Carboxylate
Water,DZORWYMMIATBBT-UHFFFAOYSA-M,O=C([O-])[C](F)C(F)(F)C(F)(F)C(F)(F)[C](F)F,O=C([O-])[C](F)C(F)(F)C(F)(F)C(F)(F)[C](F)F,anionic,9,0,3,1.0,275.04599999999994,12.111035415,-1277.8388165268848,-1277.7789585781484,24.882329,24.798029000000003,,,,,,,
Water,GKNWQHIXXANPTN-UHFFFAOYSA-M,O=S(=O)([O-])C(F)(F)C(F)(F)F,O=S(=O)([O-])C(F)(F)C(F)(F)F,anionic,5,1,4,1.0,199.07599999999996,7.817695145,-1199.519487938065,-1199.4735223739924,,,12.022697939519894,3.279418225011975,-2.1702836766158944,-4.486185504485348,-38.23536187407768,True,Sulphonate
Water,MWKSJOWGGNBGFO-UHFFFAOYSA-M,[H]OP(=O)([O-])OC([H])(F)C(F)(F)F,O=P([O-])(O)OC(F)C(F)(F)F,anionic,4,1,3,0.8,196.99999999999997,11.283186471,-1119.3977986103062,-1119.3498886220452,,,12.082780680351034,,,-3.129125492024804,-42.447667818195626,True,Phosphate
Water,OYDQUWMGMJCMDD-UHFFFAOYSA-N,[O-]C(F)(F)C(F)(F)C(F)(F)F,[O-]C(F)(F)C(F)(F)C(F)(F)F,anionic,7,1,5,1.0,185.01799999999997,7.276593911,-888.7257312814178,-888.6803294963763,,,12.01159569393153,,,-2.05741683888364,-37.40507061915224,True,Carboxylate
Water,QXQNEIFHTSUFRH-UHFFFAOYSA-M,[H]C([H])([H])N(C([H])([H])C(=O)[O-])S(=O)(=O)C(F)(F)C(F)(F)C(F)(F)F,CN(CC(=O)[O-])S(=O)(=O)C(F)(F)C(F)(F)C(F)(F)F,anionic,7,1,5,0.5833333333333334,320.1619999999999,12.041571729,-1684.561195855584,-1684.4969367918427,,,11.013645314746167,,,-3.8418205565157617,,True,Sulphonate
Water,SHNQYTPHWFEYDO-UHFFFAOYSA-M,O=C([O-])C(F)(F)OF,O=C([O-])C(F)(F)OF,anionic,3,0,1,1.0,129.013,4.783027457,-601.7062048182394,-601.6631935083494,,,12.206973447177724,,,,,,
Water,ONAFLXCOZSGMCX-UHFFFAOYSA-M,O=S(=O)([O-])C(F)(F)OC(F)(F)OC(F)(F)OC(F)(F)F,O=S(=O)([O-])C(F)(F)OC(F)(F)OC(F)(F)OC(F)(F)F,anionic,9,1,6,1.0,347.087,16.702780333,-1900.8595913470415,-1900.7964455588667,,,11.964030190773544,,,-4.588176296634521,,True,Sulphonate
Water,BAVBWFXDHGUJJA-UHFFFAOYSA-N,[O-]C(F)(F)C(F)(F)C(F)(F)C(F)(F)C(F)(F)C(F)(F)C(F)(F)C(F)(F)F,[O-]C(F)(F)C(F)(F)C(F)(F)C(F)(F)C(F)(F)C(F)(F)C(F)(F)C(F)(F)F,anionic,17,1,10,1.0,435.05299999999994,19.431921967,-2077.767505455983,-2077.693304534564,,,11.940710032760732,,,,,True,Carboxylate
Water,SLUFQUXLPWNKQH-UHFFFAOYSA-M,O=C([O-])C(F)(F)O[C](F)C(F)(F)C(F)(F)C(F)(F)[C](F)F,O=C([O-])C(F)(F)O[C](F)C(F)(F)C(F)(F)C(F)(F)[C](F)F,anionic,11,0,4,1.0,341.05199999999996,12.416974773,-1590.8787256359121,-1590.8111101061456,24.883032,24.807935,,,,,,,
Water,FXYLSRYYWBTXOZ-UHFFFAOYSA-M,[H]C([H])(Cl)C(F)(F)C(F)(F)C(F)(F)C(=O)[O-],O=C([O-])C(F)(F)C(F)(F)C(F)(F)CCl,anionic,6,0,3,0.75,243.50999999999996,11.241177854,-1401.6454347739937,-1401.591887621753,,,11.69417487337208,,,-2.1967966625180915,-37.99510564516277,True,Carboxylate
Water,PSSYTNOBLFNLCP-UHFFFAOYSA-L,[H]C(F)(F)OP(=O)([O-])[O-],O=P([O-])([O-])OC(F)F,anionic,2,0,1,0.6666666666666666,145.98499999999999,10.900188085,-881.1303164449421,-881.0893638478682,,,10.906650144026942,,,,,,
Water,ACPUHIQZFSBBGQ-UHFFFAOYSA-M,[H]C(F)(F)C(F)(F)C(F)(F)C(=O)[O-],O=C([O-])C(F)(F)C(F)(F)C(F)F,anionic,6,0,3,0.8571428571428571,195.03799999999998,8.181860633,-902.7931943175491,-902.7449982318238,,,11.853007734889912,,,-2.7502222682538284,-37.44432004924821,True,Carboxylate
Water,XJAAVVLEUZQVNJ-UHFFFAOYSA-M,[H]OP(=O)([O-])C(F)(F)F,O=P([O-])(O)C(F)(F)F,anionic,3,1,3,1.0,148.98399999999998,6.740956013,-905.5801438465011,-905.5385623633091,,,12.27081135931081,,,-3.644096289490213,-43.77737842877672,True,Phosphate
Water,ZDGXLMJJZUXTBL-UHFFFAOYSA-M,O=S(=O)([O-])C(F)(OC(F)(C(F)(F)F)C(F)(F)OC(F)(F)C(F)(F)F)C(F)(F)F,O=S(=O)([O-])C(F)(OC(F)(C(F)(F)F)C(F)(F)OC(F)(F)C(F)(F)F)C(F)(F)F,anionic,15,3,11,1.0,481.109,17.953940187,-2539.051727264128,-2538.9734628586034,,,11.901280734090294,,,,,True,Sulphonate
Water,WSGMNLHBXJEIAE-UHFFFAOYSA-M,[H]C(F)(Cl)C(F)(F)S(=O)(=O)[O-],O=S(=O)([O-])C(F)(F)C(F)Cl,anionic,3,0,1,0.75,197.541,8.925752911,-1460.54346256923,-1460.49780577641,,,11.872327819124564,,,-4.496580236484674,-40.49881710852324,True,Sulphonate
Water,JHODGINZNYIFEH-UHFFFAOYSA-M,[H]C([H])(F)C([H])([H])C([H])([H])S(=O)(=O)[O-],O=S(=O)([O-])CCCF,anionic,1,0,0,0.14285714285714285,141.143,11.019940817,-841.766205090988,-841.7235264358384,,,11.522362180614913,,,-6.073977484716987,-47.88656691932768,True,Sulphonate
Water,BXQSCQMQMFXNIO-UHFFFAOYSA-N,[O-]C(F)(F)C(F)(F)C(F)(F)C(F)(F)F,[O-]C(F)(F)C(F)(F)C(F)(F)C(F)(F)F,anionic,9,1,6,1.0,235.02499999999995,8.712165894,-1126.5346378600743,-1126.4832935494253,,,11.988520438394934,,,-1.4152670166319568,-35.5145624618003,True,Carboxylate
Water,IMILTAXUBRRCKD-UHFFFAOYSA-M,O=S(=O)([O-])C(F)(Cl)Cl,O=S(=O)([O-])C(F)(Cl)Cl,anionic,1,0,0,1.0,181.979,7.28865052,-1682.2814048613393,-1682.2394773591761,,,11.777686617761018,,,-4.547355257264922,-40.81212954423809,True,Sulphonate
Water,QTBSBXVTEAMEQO-UHFFFAOYSA-M,[H]C([H])([H])C(=O)[O-],CC(=O)[O-],anionic,0,0,0,0.0,59.044000000000004,5.587773395,-228.63898174888283,-228.60704089679376,,,11.291500779703949,1.6892857208499086,-4.318656979046774,-6.160077062700139,-52.53843633384013,True,Carboxylate
Water,AZLUIEGTKBIKSG-UHFFFAOYSA-M,[H]C(F)(C(F)(F)F)C(F)(F)C(=O)[O-],O=C([O-])C(F)(F)C(F)C(F)(F)F,anionic,6,1,4,0.8571428571428571,195.03799999999998,9.60678816,-902.8038395015992,-902.7558277370531,,,11.777822674692247,,,-3.081333743276065,-39.96522479623685,True,Carboxylate
Water,SJKDXZGLKADOQD-UHFFFAOYSA-M,O=C([O-])C(F)(F)OC(F)(F)OC(F)(F)OC(F)(F)F,O=C([O-])C(F)(F)OC(F)(F)OC(F)(F)OC(F)(F)F,anionic,9,1,6,1.0,311.0319999999999,14.477303605,-1465.5919155927509,-1465.531308888656,,,11.875212226066639,,,-3.082317553205918,,True,Carboxylate
Water,KUDOWPKHZOGSHN-UHFFFAOYSA-M,O=P([O-])(OC(F)(F)F)OC(F)(F)F,O=P([O-])(OC(F)(F)F)OC(F)(F)F,anionic,6,2,6,1.0,232.97999999999996,6.852069931,-1317.9358488939627,-1317.88541595498,,,12.61049109381948,,,-1.6767631717780145,-33.75900257151024,True,Phosphate
Water,PXUULQAPEKKVAH-UHFFFAOYSA-M,O=C([O-])C(F)(F)C(F)(F)C(F)(F)C(F)(F)C(F)(F)F,O=C([O-])C(F)(F)C(F)(F)C(F)(F)C(F)(F)C(F)(F)F,anionic,11,1,7,1.0,313.0419999999999,14.596633323,-1477.677071689759,-1477.615822960776,,,11.869878794362425,2.5793113790564206,-1.983943774268195,-1.8652459698925972,-36.766783421964,True,Carboxylate
Water,LTYHCZUOHYPAFF-UHFFFAOYSA-M,O=S(=O)([O-])C(Cl)=C(F)F,O=S(=O)([O-])C(Cl)=C(F)F,anionic,2,0,0,1.0,177.53499999999997,9.023717242,-1360.0603580460804,-1360.0171643843926,,,11.16575696386124,,,-5.1749827205061125,-41.43326054986558,True,Sulphonate
Water,SFEBPWPPVGRFOA-UHFFFAOYSA-M,O=S([O-])C(F)(F)F,O=S([O-])C(F)(F)F,anionic,3,1,3,1.0,133.07,5.850969147,-886.4451769495811,-886.40648429323,,,10.36745652556269,,,-4.643926426826328,-41.983259314360446,True,Sulphonate
Water,WSEQBIVQCARAMW-UHFFFAOYSA-M,[H]C([H])(C(=O)[O-])C(F)(F)C(F)(F)C(F)(F)C(F)(F)C(F)(F)C(F)(F)C(F)(F)F,O=C([O-])CC(F)(F)C(F)(F)C(F)(F)C(F)(F)C(F)(F)C(F)(F)C(F)(F)F,anionic,15,1,9,0.8823529411764706,427.08299999999997,28.799268241,-1992.5893324039448,-1992.514301462381,,,11.353814854207263,,,,,True,Carboxylate
Water,KRBNWYYINLFKND-UHFFFAOYSA-M,[H]C(C(=O)[O-])=C([H])C(F)(F)C(F)(F)C(F)(F)F,O=C([O-])C=CC(F)(F)C(F)(F)C(F)(F)F,anionic,7,1,5,0.7777777777777778,239.06599999999995,17.510064394,-1079.4343381879362,-1079.3797376999075,,,10.692169997636064,,,-2.8389520362672744,-40.85669676812589,True,Carboxylate
Water,VTXSVMHCHVIRJR-UHFFFAOYSA-M,O=C([O-])C1(F)C(F)(F)C(F)(F)C(F)(F)C(F)(F)C1(F)F,O=C([O-])C1(F)C(F)(F)C(F)(F)C(F)(F)C(F)(F)C1(F)F,anionic,11,0,5,1.0,325.05299999999994,13.619029774,-1515.7722501294907,-1515.7119621360496,,,11.724134609628914,,,-1.6797515600000206,,True,Carboxylate
Water,JZHDEEOTEUVLHR-UHFFFAOYSA-M,[H]C(F)(F)C(F)(F)C(F)(F)C(F)(F)C(F)(F)C(F)(F)C(=O)[O-],O=C([O-])C(F)(F)C(F)(F)C(F)(F)C(F)(F)C(F)(F)C(F)F,anionic,12,0,6,0.9230769230769231,345.059,16.518986268,-1616.2188398698156,-1616.1532298470952,,,11.858069052731667,,,-1.358530767908806,,True,Carboxylate
Water,FIARMZDBEGVMLV-UHFFFAOYSA-N,[O-]C(F)(F)C(F)(F)F,[O-]C(F)(F)C(F)(F)F,anionic,5,1,4,1.0,135.011,5.457925379,-650.9155649364075,-650.8764577776417,,,12.103243642808017,,,-2.7388165178593447,-39.75948151309978,True,Carboxylate
Water,SYWZQJRYOQITAK-UHFFFAOYSA-M,[H]C([H])(C(F)(F)C(F)(F)C(F)(F)F)C([H])([H])S(=O)(=O)[O-],O=S(=O)([O-])CCC(F)(F)C(F)(F)C(F)(F)F,anionic,7,1,5,0.6363636363636364,277.137,17.543176884,-1515.9340122637384,-1515.876633176768,,,11.468320367530382,,,-3.9605942448122815,-41.91102758561178,True,Sulphonate
Water,TWKROPVRPFHDSN-UHFFFAOYSA-M,O=S(=O)([O-])C(F)(F)Cl,O=S(=O)([O-])C(F)(F)Cl,anionic,2,0,1,1.0,165.524,6.537219528,-1321.9936633687516,-1321.952781461596,,,11.936954861458785,,,-4.916161178271328,-40.52511160133982,True,Sulphonate
Water,LDZUATJHNVKUFE-UHFFFAOYSA-M,[H]C(F)(C(F)(F)C(F)(F)C(F)(F)C(F)(F)F)S(=O)(=O)[O-],O=S(=O)([O-])C(F)C(F)(F)C(F)(F)C(F)(F)C(F)(F)F,anionic,10,1,6,0.9090909090909091,331.107,16.597773828,-1813.6864562107064,-1813.6244436426607,,,11.813741704536952,,,-3.5004409800713194,,True,Sulphonate
Water,OAWAZQITIZDJRB-UHFFFAOYSA-M,O=C([O-])C(F)(F)Cl,O=C([O-])C(F)(F)Cl,anionic,2,0,1,1.0,129.469,7.319029368,-886.7228763621112,-886.6846793645159,,,11.738665489884271,,,-3.789592354278223,-42.226006460657146,True,Carboxylate
Water,DRVMZMGCPWFDBI-UHFFFAOYSA-M,[H]OP(=O)([O-])OC([H])([H])C(F)(F)F,O=P([O-])(O)OCC(F)(F)F,anionic,3,1,3,0.6,179.00999999999996,11.38451968,-1020.1345460016064,-1020.0882201989187,,,11.92030149307624,,,-3.513604999706461,-45.69018437404431,True,Phosphate
Water,ACEKLXZRZOWKRY-UHFFFAOYSA-M,O=S(=O)([O-])C(F)(F)C(F)(F)C(F)(F)C(F)(F)C(F)(F)F,O=S(=O)([O-])C(F)(F)C(F)(F)C(F)(F)C(F)(F)C(F)(F)F,anionic,11,1,7,1.0,349.0969999999999,16.978664109,-1912.9449274054048,-1912.8814776470567,,,12.011105888979102,3.269254578949432,-2.054419717833818,-2.9716313453597487,-34.84049927880662,True,Sulphonate
Water,KCZIAIJJDOASNM-UHFFFAOYSA-L,O=P([O-])([O-])C(F)(F)C(F)(F)C(F)(F)C(F)(F)C(F)(F)F,O=P([O-])([O-])C(F)(F)C(F)(F)C(F)(F)C(F)(F)C(F)(F)F,anionic,11,1,7,1.0,348.00399999999996,31.224214564,-1856.3669856983192,-1856.3030125561404,,,10.83598217394611,,,-13.308282917712331,,True,Phosphate
Water,FVXKNJAEFOHBME-UHFFFAOYSA-M,O=C([O-])C(F)([C](F)F)C(F)(F)C(F)(F)[C](F)F,O=C([O-])C(F)([C](F)F)C(F)(F)C(F)(F)[C](F)F,anionic,9,0,2,1.0,275.04599999999994,9.534253199,-1277.8318015960642,-1277.7717020695443,24.883512,24.811297,,,,,,,
Water,NCEMUOYFYLEORV-UHFFFAOYSA-L,[H]C(F)(F)P(=O)([O-])[O-],O=P([O-])([O-])C(F)F,anionic,2,0,1,0.6666666666666666,129.986,9.339797309,-805.8504097844442,-805.8114507206136,,,10.841397239809062,,,,,,
Water,KSNKQSPJFRQSEI-UHFFFAOYSA-M,[H]C([H])(C(=O)[O-])C(F)(F)F,O=C([O-])CC(F)(F)F,anionic,3,1,3,0.6,127.04100000000001,9.688616064,-565.7379426013248,-565.6979427925172,,,11.458878016503023,,,-4.606234029284193,-46.407206601785866,True,Carboxylate
Water,UVLNQGHDUGHTGV-UHFFFAOYSA-M,[H]C([H])(C(=O)[O-])C(F)(F)C(F)(F)F,O=C([O-])CC(F)(F)C(F)(F)F,anionic,5,1,4,0.7142857142857143,177.04799999999997,10.945119849,-803.5486414442346,-803.5025129690833,,,11.45800725214315,,,-3.927527250976191,-44.28600563008613,True,Carboxylate
Water,PCZBVJHXWDEHIZ-UHFFFAOYSA-M,O=C([O-])C(F)(F)C(F)(F)OC(F)(F)C(F)(F)F,O=C([O-])C(F)(F)C(F)(F)OC(F)(F)C(F)(F)F,anionic,9,1,6,1.0,279.03399999999993,14.092700073,-1315.1096079572771,-1315.0522599702317,,,11.829224983310919,,,-0.7558007897135269,-35.52091583296692,True,Carboxylate
Water,BLIMGOMLLSPDPB-UHFFFAOYSA-M,[H]C(OC(F)(F)C(F)(F)C(F)(F)F)(C(=O)[O-])C(F)(F)F,O=C([O-])C(OC(F)(F)C(F)(F)C(F)(F)F)C(F)(F)F,anionic,10,2,8,0.9090909090909091,311.05099999999993,12.627288336,-1453.6723506424782,-1453.610712211053,,,11.62546612310096,,,-2.024459077513203,,True,Carboxylate
Water,PPGCZBADXNYOFW-UHFFFAOYSA-M,[H]C([H])(C(F)(F)C(F)(F)C(F)(F)F)S(=O)(=O)[O-],O=S(=O)([O-])CC(F)(F)C(F)(F)C(F)(F)F,anionic,7,1,5,0.7777777777777778,263.11,15.744726353,-1476.6353076316025,-1476.5807393012897,,,11.642364393959719,,,-4.493541692697975,-42.04617398977176,True,Sulphonate
Water,GZNYHVDZACVWEW-UHFFFAOYSA-M,[H]C(F)(C(F)(F)C(F)(F)F)C(F)(F)C(F)(F)S(=O)(=O)[O-],O=S(=O)([O-])C(F)(F)C(F)(F)C(F)C(F)(F)C(F)(F)F,anionic,10,1,6,0.9090909090909091,331.107,12.869377625,-1813.6913273678424,-1813.6292118026752,,,11.974642631409479,,,-2.6467913807308365,,True,Sulphonate
Water,YUBDPGKNGXILBQ-UHFFFAOYSA-M,O=C([O-])C(F)(F)C(F)(F)C(F)(F)OC(F)(F)C(F)(F)F,O=C([O-])C(F)(F)C(F)(F)C(F)(F)OC(F)(F)C(F)(F)F,anionic,11,1,7,1.0,329.04099999999994,10.887464352,-1552.9236865615885,-1552.860590797522,,,11.826095673892631,,,-1.8116055654950216,,True,Carboxylate
Water,PPWRLPJIHGWGFH-UHFFFAOYSA-M,O=C([O-])C(F)(F)OC(F)(F)C(F)(F)OC(F)(F)F,O=C([O-])C(F)(F)OC(F)(F)C(F)(F)OC(F)(F)F,anionic,9,1,6,1.0,295.03299999999996,15.584884513,-1390.3522432837617,-1390.2928732235391,,,11.865416127018085,,,-2.4282652272493648,-36.81121308455167,True,Carboxylate
Water,UGZSEVFDTINITD-UHFFFAOYSA-M,[H]C([H])(C(=O)[O-])N(C([H])([H])C([H])([H])[H])S(=O)(=O)C(F)(F)C(F)(F)F,CCN(CC(=O)[O-])S(=O)(=O)C(F)(F)C(F)(F)F,anionic,5,1,4,0.4166666666666667,284.18199999999996,12.587220102,-1486.0458538752628,-1485.9847560777537,,,11.080422056593822,,,-4.138186848532982,-43.31010430490117,True,Sulphonate
Water,PCYBDHWNMPLUSI-UHFFFAOYSA-M,[H]OP(=O)([O-])C([H])([H])C(F)(F)F,O=P([O-])(O)CC(F)(F)F,anionic,3,1,3,0.6,163.011,9.890800578,-944.8874618703674,-944.8433102794576,,,11.927594144590167,,,-4.000042329972546,-46.805095390458135,True,Phosphate
Water,LRWIIEJPCFNNCZ-UHFFFAOYSA-M,[H]C([H])(C(=O)[O-])C(F)(F)C(F)(F)C(F)(F)C(F)(F)C(F)(F)C(F)(F)F,O=C([O-])CC(F)(F)C(F)(F)C(F)(F)C(F)(F)C(F)(F)C(F)(F)F,anionic,13,1,8,0.8666666666666667,377.07599999999996,26.116170656,-1754.782203401168,-1754.7125759306973,,,11.387366493448566,,-1.9610154724385376,,-40.488375046010695,True,Carboxylate
Water,IHLDYSKSKYZLEV-UHFFFAOYSA-M,O=C([O-])C(F)(F)C(F)(OC(F)(F)F)C(F)(F)F,O=C([O-])C(F)(F)C(F)(OC(F)(F)F)C(F)(F)F,anionic,9,2,7,1.0,279.03399999999993,12.620289701,-1315.1113542064525,-1315.0541694704343,,,11.848517856159324,,,-2.426156940488278,-37.21705615370488,True,Carboxylate
Water,JGTNAGYHADQMCM-UHFFFAOYSA-M,O=S(=O)([O-])C(F)(F)C(F)(F)C(F)(F)C(F)(F)F,O=S(=O)([O-])C(F)(F)C(F)(F)C(F)(F)C(F)(F)F,anionic,9,1,6,1.0,299.0899999999999,13.862634439,-1675.1366520418492,-1675.0788086891491,,,12.010126279074246,3.268934010690482,-1.9970927302197512,-3.3867343371261214,-35.81562596221363,True,Sulphonate
Water,TZGZPKANENLLJH-UHFFFAOYSA-M,[H]C(F)(C(F)(F)C(F)(F)C(F)(F)F)C(F)(F)S(=O)(=O)[O-],O=S(=O)([O-])C(F)(F)C(F)C(F)(F)C(F)(F)C(F)(F)F,anionic,10,1,6,0.9090909090909091,331.107,16.716385644,-1813.690390622728,-1813.6281913981431,,,11.933607860950529,,,-3.3941388381421373,,True,Sulphonate
Water,SCJDDYJSXILABG-UHFFFAOYSA-M,O=S(=O)([O-])C(F)(F)OC(F)(F)C(F)(F)C(F)(F)C(F)(F)F,O=S(=O)([O-])C(F)(F)OC(F)(F)C(F)(F)C(F)(F)C(F)(F)F,anionic,11,1,7,1.0,365.09599999999995,14.875988681,-1988.1886273959633,-1988.1230716278808,,,11.965934987810764,,,-2.8367889722421844,,True,Sulphonate
Water,OIWSLZLRJPXISB-UHFFFAOYSA-M,O=C([O-])C(F)(F)C(C(F)(F)F)(C(F)(F)F)C(F)(F)F,O=C([O-])C(F)(F)C(C(F)(F)F)(C(F)(F)F)C(F)(F)F,anionic,11,3,10,1.0,313.0419999999999,12.482958056,-1477.6992479657042,-1477.6395829518513,,,11.870967249812265,,,-1.899567089059954,,True,Carboxylate
Water,LPDPGJYFBSACGC-UHFFFAOYSA-M,O=S(=O)([O-])C(F)(F)C(F)(F)OC(F)(F)C(F)(F)OC(F)(F)F,O=S(=O)([O-])C(F)(F)C(F)(F)OC(F)(F)C(F)(F)OC(F)(F)F,anionic,11,1,7,1.0,381.09499999999997,13.725195891,-2063.433024599158,-2063.3656472972225,,,11.914097297012157,,,,,True,Sulphonate
Water,MPAJVPJYAATCNW-UHFFFAOYSA-M,O=S(=O)([O-])C(F)(F)C(F)(F)C(F)(F)C(F)(F)OC(F)(F)F,O=S(=O)([O-])C(F)(F)C(F)(F)C(F)(F)C(F)(F)OC(F)(F)F,anionic,11,1,7,1.0,365.09599999999995,16.109001493,-1988.1876747073109,-1988.122327096624,,,11.994316463665328,,,-3.0480642869294687,,True,Sulphonate
Water,FADHOJAGVOBODO-UHFFFAOYSA-M,O=S(=O)([O-])C(F)(F)C(F)(F)C(F)(F)OC(F)(F)C(F)(F)F,O=S(=O)([O-])C(F)(F)C(F)(F)C(F)(F)OC(F)(F)C(F)(F)F,anionic,11,1,7,1.0,365.09599999999995,13.651096803,-1988.1880497023888,-1988.1227928658689,,,11.963431540276131,,,-1.691432969155394,,True,Sulphonate
Water,HFMSVIJSHKDNIA-UHFFFAOYSA-M,[H]OC(C(F)(F)[C](F)F)(C(F)(F)C(F)(F)[C](F)F)S(=O)(=O)[O-],O=S(=O)([O-])C(O)(C(F)(F)[C](F)F)C(F)(F)C(F)(F)[C](F)F,anionic,10,0,3,1.0,359.117,6.328137393,-1926.8815884618868,-1926.8138124401128,89.112864,89.063095,,,,,,,
Water,LYCAGOQDEOWYGS-UHFFFAOYSA-M,O=S(=O)([O-])C(F)=C(F)F,O=S(=O)([O-])C(F)=C(F)F,anionic,3,0,0,1.0,161.07999999999998,8.302431536,-999.753593085064,-999.7112744289914,,,11.418088148520287,,,-5.479413290315727,-40.87920864866274,True,Sulphonate
Water,DXYPAJRMJLAAGF-UHFFFAOYSA-M,[H]C(F)(OC(F)(OC(F)(F)F)C(F)(F)F)C(F)(F)S(=O)(=O)[O-],O=S(=O)([O-])C(F)(F)C(F)OC(F)(OC(F)(F)F)C(F)(F)F,anionic,10,2,7,0.9090909090909091,363.105,15.006775233,-1964.1700255010803,-1964.104226480812,,,11.905552921730916,,,-3.221526718509901,,True,Sulphonate
Water,CYBUTIZIMGHPHI-UHFFFAOYSA-N,[O-]C(F)(F)C(F)(F)C(F)(F)C(F)(F)C(F)(F)F,[O-]C(F)(F)C(F)(F)C(F)(F)C(F)(F)C(F)(F)F,anionic,11,1,7,1.0,285.0319999999999,13.104564879,-1364.3427857763195,-1364.285526050104,,,11.950478920423041,,,-0.9278125606542454,-34.52963753504271,True,Carboxylate
Water,XBBMOKHJZGLJPZ-UHFFFAOYSA-M,O=C([O-])C(F)(F)OC(F)([C](F)F)C(F)(F)C(F)(F)[C](F)F,O=C([O-])C(F)(F)OC(F)([C](F)F)C(F)(F)C(F)(F)[C](F)F,anionic,11,0,3,1.0,341.05199999999996,13.065400844,-1590.8721883228134,-1590.8045282771195,24.882748,24.808409,,,,,,,
Water,LRMSQVBRUNSOJL-UHFFFAOYSA-M,O=C([O-])C(F)(F)C(F)(F)F,O=C([O-])C(F)(F)C(F)(F)F,anionic,5,1,4,1.0,163.021,8.625617077,-764.2509095679187,-764.2074818590014,,,11.897933733582038,2.5678462353201006,-2.0590697964289904,-3.487681948719435,-40.35796463288017,True,Carboxylate
Water,DJXJARQPGKYVNA-UHFFFAOYSA-N,[O-]C(F)(F)F,[O-]C(F)(F)F,anionic,3,1,3,1.0,85.004,2.840030696,-413.10550803807,-413.07329821395416,,,12.52869366676404,,,-3.6703607705658174,-43.80415837516831,True,Carboxylate
Water,ARFJWYBADJBVKC-UHFFFAOYSA-M,O=C([O-])C(F)=C(F)Cl,O=C([O-])C(F)=C(F)Cl,anionic,2,0,0,1.0,141.48000000000002,11.343909026,-924.7822842200137,-924.7416110980809,,,11.020584218238893,,,-4.065711905982068,-43.06684320685081,True,Carboxylate
Water,CAUJPRRJLCIWKU-UHFFFAOYSA-M,O=S(=O)([O-])C(F)(F)C(F)(C(F)(F)F)C(F)(F)C(F)(F)F,O=S(=O)([O-])C(F)(F)C(F)(C(F)(F)F)C(F)(F)C(F)(F)F,anionic,11,2,8,1.0,349.0969999999999,13.60111878,-1912.9459846685977,-1912.8829115994592,,,11.973962346753328,,,-2.468345959040409,,True,Sulphonate
Water,XIIFQUNTUAQHKS-UHFFFAOYSA-M,[H]C([H])(C(=O)[O-])N(C([H])([H])C([H])([H])[H])S(=O)(=O)C(F)(F)C(F)(F)C(F)(F)F,CCN(CC(=O)[O-])S(=O)(=O)C(F)(F)C(F)(F)C(F)(F)F,anionic,7,1,5,0.5,334.18899999999996,13.714249448,-1723.8547184461995,-1723.787872632114,,,11.089728350689949,,,-3.6293546144359072,,True,Sulphonate
Water,WRDBFXLGIKNQFY-UHFFFAOYSA-M,O=C([O-])C(F)(F)C(F)(F)C(F)(C(F)(F)F)C(F)(F)F,O=C([O-])C(F)(F)C(F)(F)C(F)(C(F)(F)F)C(F)(F)F,anionic,11,2,8,1.0,313.0419999999999,15.949543945,-1477.6815788763597,-1477.6207751788345,,,11.831102568961892,,,-1.9570879444107103,,True,Carboxylate
Water,CSLNZPZDUCXUAS-UHFFFAOYSA-M,O=C([O-])C(F)(OC(F)(C(F)(F)F)C(F)(F)OC(F)(F)C(F)(F)F)C(F)(F)F,O=C([O-])C(F)(OC(F)(C(F)(F)F)C(F)(F)OC(F)(F)C(F)(F)F)C(F)(F)F,anionic,15,3,11,1.0,445.054,13.216518348,-2103.787150680797,-2103.710948713829,,,11.820843876347155,,,,,True,Carboxylate
Water,OIKDGSCOJRUCTN-UHFFFAOYSA-L,O=P([O-])([O-])OC(F)(F)C(F)(F)C(F)(F)C(F)(F)C(F)(F)F,O=P([O-])([O-])OC(F)(F)C(F)(F)C(F)(F)C(F)(F)C(F)(F)F,anionic,11,1,7,1.0,364.00299999999993,30.649331323,-1931.6425027746393,-1931.576584836641,,,10.883847002352804,,,-13.084930137902084,,True,Phosphate
Water,KOWUGQHZFIJVCW-UHFFFAOYSA-M,O=P([O-])(OC(F)(F)C(F)(F)F)OC(F)(F)C(F)(F)F,O=P([O-])(OC(F)(F)C(F)(F)F)OC(F)(F)C(F)(F)F,anionic,10,2,8,1.0,332.99399999999997,7.526850424,-1793.5505002820937,-1793.488321898124,,,12.44784863822721,,,-1.3078262284874302,,True,Phosphate
Water,XNPBSAGJBTUTKD-UHFFFAOYSA-M,[H]C([H])(Cl)C(F)(F)C(F)(F)C(F)(F)C(F)(F)C(F)(F)C(=O)[O-],O=C([O-])C(F)(F)C(F)(F)C(F)(F)C(F)(F)C(F)(F)CCl,anionic,10,0,5,0.8333333333333334,343.524,18.449110366,-1877.2617383861248,-1877.1966854670443,,,11.731127935894131,,,-1.4709664477265678,,True,Carboxylate
Water,NVBJAOSFGHCYEU-UHFFFAOYSA-L,O=P([O-])([O-])OC(F)(F)C(F)(F)C(F)(F)F,O=P([O-])([O-])OC(F)(F)C(F)(F)C(F)(F)F,anionic,7,1,5,1.0,263.989,22.788604877,-1456.0254564924364,-1455.970998686743,,,10.891847149909125,,,,,,
Water,RJGUAQKOHAABLK-UHFFFAOYSA-M,O=S(=O)([O-])C(F)(F)C(F)(F)OC(F)(F)C(F)(F)F,O=S(=O)([O-])C(F)(F)C(F)(F)OC(F)(F)C(F)(F)F,anionic,9,1,6,1.0,315.08899999999994,12.802790057,-1750.3812873165707,-1750.3212818305644,,,11.947784993184689,,,-3.2859184953571643,-35.55287197645078,True,Sulphonate
Water,AGIMOOYNBDLMJV-UHFFFAOYSA-M,O=C([O-])C(F)(F)C(F)(F)OC(F)(F)F,O=C([O-])C(F)(F)C(F)(F)OC(F)(F)F,anionic,7,1,5,1.0,229.02699999999996,11.328680922,-1077.3024932204676,-1077.250942858134,,,11.836708114528566,,,-3.015509983627857,-38.27597685314478,True,Carboxylate
Water,YOCXVTUVGZFVTK-UHFFFAOYSA-M,[H]C(F)(C(=O)[O-])C(F)(F)C(F)(F)F,O=C([O-])C(F)C(F)(F)C(F)(F)F,anionic,6,1,4,0.8571428571428571,195.03799999999998,10.112475699,-902.799799486725,-902.75198717096,,,11.761985647897083,,,-3.4340292421151437,-42.049515093988894,True,Carboxylate
